name,d1,d2,g1,g2
AAC1,5857,4949,3399,4859
AAC3,2182,7250,1580,12191
AAD3,4121,746,6555,1143
AAD6,1862,1187,895,859
AAH1,8422,13843,9143,7205
AAN1,401,129,152,104
AAP1,2407,796,5554,997
AAT1,2242,1999,1664,2000
AAT2,202,2,81,4
ABP1,1677,1412,651,1090
ABP140,1422,1319,540,882
ABZ1,8883,2563,19216,4761
ABZ2,57,39,26,31
ACA1,708,563,228,431
ACB1,1568,1115,660,767
ACF2,1348,859,701,497
ACF4,19038,43583,26147,40217
ACH1,2,0,0,0
ACK1,2210,2256,957,1380
ACL4,853,152,392,116
ACM1,2675,1888,1601,1579
ACO2,585,360,260,403
ACS1,2908,619,3229,703
ADA2,108,0,29,0
ADD37,21,0,13,0
ADD66,5170,2345,7097,4019
ADE1,27,0,18,0
ADE16,9940,15089,12277,8427
ADE17,38690,61928,48801,34100
ADE3,40,0,20,0
ADE4,8,0,8,0
ADE6,4,0,0,0
ADH2,775,243,304,330
ADH4,1218,474,411,346
ADH5,1347,1372,557,1449
ADH6,3747,2635,1589,2596
ADI1,1814,1246,780,1022
ADK1,70,0,42,0
ADK2,8446,4803,3825,3653
ADO1,35,0,17,0
ADP1,465,254,191,196
ADR1,30,0,18,18
ADY2,1168,660,1077,951
ADY3,4037,3963,1864,3727
ADY4,2100,1335,902,846
AEP1,611,18,104,8
AFB1,1106,812,571,583
AFG1,2307,1715,872,1546
AFG3,16,0,0,0
AFI1,1097,115,985,837
AFR1,1669,1323,599,879
AFT2,8,2,4,8
AGC1,261,6,252,37
AGE1,3446,2069,1366,1558
AGE2,4028,12460,3939,24480
AGP1,2,0,0,0
AGP2,6,0,0,0
AGP3,999,436,484,293
AGX1,3216,840,5233,1548
AHA1,922,195,357,523
AHC1,3173,1869,4590,4259
AHC2,3,1,2,3
AHP1,4516,2349,2748,1974
AHT1,2156,759,3159,1910
AIF1,475,44,152,122
AIM11,504,160,156,78
AIM14,7780,5190,2784,4468
AIM17,3261,1514,4146,2530
AIM18,809,1378,444,722
AIM19,4103,1799,6969,2353
AIM2,274,28,229,97
AIM20,10696,7959,4676,6067
AIM21,338,325,102,190
AIM24,2202,1191,864,639
AIM25,5385,1215,2719,2700
AIM26,837,195,596,481
AIM29,548,31,242,16
AIM3,0,0,0,2
AIM32,14907,23038,17522,11918
AIM33,2657,2100,1039,1568
AIM36,210,151,27,74
AIM39,3774,4547,2705,2841
AIM41,4063,9845,3049,16973
AIM46,2713,3623,3633,9368
AIM7,2,0,0,2
AIM9,1824,4233,1524,8186
AIP1,25435,100487,37127,81762
AIP5,2384,1203,1040,1185
AIR1,2661,2696,1342,2302
AIT1,1402,557,572,484
AKL1,458,151,150,104
AKR2,1282,1307,556,1174
ALB1,944,842,355,590
ALD2,1397,1154,633,1135
ALD3,1300,1004,703,928
ALD4,1302,945,549,731
ALD5,2749,2173,1817,3398
ALF1,1389,76,1108,96
ALG12,2370,2111,1243,2090
ALG6,1075,87,393,295
ALO1,2208,515,1647,343
ALP1,342,30,90,97
ALR2,2402,2160,1318,2111
ALT1,3348,1364,3022,270
ALT2,1137,4,942,113
ALY1,4504,2782,4699,2812
ALY2,1670,1392,1180,1573
AMD1,308,9,375,10
AMD2,3525,1137,6942,1542
AMF1,6765,2056,16165,3872
AMN1,1353,823,670,782
AMS1,2799,428,749,1276
ANB1,1,0,0,1
ANR2,4189,1434,8489,3053
ANS1,861,505,388,415
ANY1,2250,1780,1105,1429
APA1,3010,2124,3653,4984
APA2,1592,738,663,566
APC9,3686,2578,1826,2274
APD1,2442,2492,1222,1973
APE1,1268,532,468,616
APE2,1143,509,499,379
APE3,1594,429,1418,296
APE4,4380,1898,7100,5978
APJ1,1196,120,1206,114
APL1,1825,1172,742,1347
APL2,3312,6891,2799,11990
APL4,4947,1425,7968,2193
APL5,1803,755,662,585
APL6,2726,1246,1356,1084
APM2,12962,23185,16445,12978
APM3,494,179,230,78
APM4,4,2,8,3
APN1,2509,688,4433,1121
APP1,396,90,206,50
APQ12,7095,1202,6936,654
APS1,2880,1951,1361,1296
APS2,708,353,351,259
APS3,798,482,329,294
APT2,33,6,6,11
AQR1,2041,160,4212,318
AQY2,3089,1389,1375,1903
AQY3,1628,1034,652,959
ARA2,1907,1425,746,924
ARC1,82,0,20,0
ARD1,123,0,74,0
ARE1,2349,1478,926,1261
ARE2,1157,1591,1206,1090
ARF1,1652,75,772,93
ARF3,2325,1626,1165,1086
ARG1,2021,1470,1052,1560
ARG2,1460,1139,672,1265
ARG3,1381,435,761,531
ARG4,1475,347,3546,699
ARG56,1477,728,955,928
ARG7,26,0,10,4
ARG80,1164,1057,557,810
ARG81,343,45,79,111
ARI1,3199,2810,1406,2501
ARK1,1126,694,491,479
ARL1,1703,700,1327,1399
ARN1,4019,4485,2867,3454
ARN2,18647,33186,23345,17224
ARO1,71,0,18,0
ARO10,1894,944,783,656
ARO2,768,164,716,418
ARO3,2421,1970,1102,1783
ARO5,40,14,23,12
ARO7,6738,4176,6902,3914
ARO8,22,4,6,0
ARO80,3711,2329,1650,2196
ARO9,545,107,620,82
ARP1,523,130,240,74
ARP6,733,134,328,344
ARP8,483,4,227,12
ART10,3311,1479,5371,2495
ART5,4,0,2,0
ARX1,1054,40,407,56
ASE1,1283,742,533,649
ASF1,209,3,72,0
ASG1,2389,2416,1174,1432
ASG7,18,0,36,14
ASH1,1037,452,427,331
ASI1,61,10,65,16
ASI2,23507,49068,29021,26078
ASI3,2750,2363,1153,2339
ASK10,1013,769,420,1608
ASN2,2832,2103,3510,3835
ASP1,3947,4551,2921,10298
ASR1,775,299,327,219
AST2,2737,1716,1489,1670
ATC1,1027,207,603,139
ATF1,1938,1557,883,1226
ATF2,669,603,257,797
ATG1,2384,1421,2098,1033
ATG10,4189,3291,1648,1265
ATG11,98,0,16,0
ATG12,1592,1203,556,476
ATG14,2368,355,3835,206
ATG15,2858,684,2384,596
ATG16,11576,7358,13181,7119
ATG18,4084,1793,3308,1418
ATG19,2128,1438,1151,1293
ATG20,230,32,55,6
ATG21,5517,1980,6523,1957
ATG23,3758,677,5738,345
ATG26,776,245,1174,397
ATG27,1426,792,662,1070
ATG29,2386,1881,1101,1046
ATG3,1285,929,488,676
ATG31,1770,1477,842,704
ATG32,2171,1461,1363,1162
ATG33,5722,3773,6339,5892
ATG34,75,6,31,12
ATG36,4262,2493,7076,7174
ATG38,3079,2359,2422,2908
ATG39,2651,1318,1904,1509
ATG40,1220,1106,603,771
ATG41,23,0,2,2
ATG42,1442,787,557,523
ATG5,2522,550,5073,1005
ATG7,2903,2303,3700,4191
ATG9,2322,1020,1295,457
ATH1,266,4,68,45
ATO2,673,468,329,382
ATO3,297,38,145,118
ATP1,8,0,0,0
ATP10,84,18,16,0
ATP18,478,61,70,9
ATP19,7724,6265,4076,6120
ATP20,623,145,171,47
ATP22,10,0,0,0
ATP23,23,0,0,0
ATP25,30,0,2,0
ATR1,416,130,145,109
ATR2,1221,640,548,479
ATS1,1012,106,1620,247
ATX1,2100,136,964,452
ATX2,1211,539,501,594
AUS1,1566,1113,638,612
AVL9,54,2,10,2
AVO2,1264,73,880,614
AVT1,1539,693,613,693
AVT2,1373,226,421,379
AVT4,2944,2445,3817,4738
AVT6,2500,1719,1205,1348
AVT7,3361,2665,2408,2032
AXL2,1481,1325,759,1247
AYR1,2857,2176,3578,4466
AYT1,3385,2668,1411,1859
AZF1,3007,1014,6796,1957
BAG7,1354,1397,1847,3056
BAP2,2575,1581,1115,1136
BAP3,1712,1600,725,1552
BAR1,4,0,0,1
BAT2,856,690,310,886
BBC1,1386,597,476,403
BCH1,4032,2654,1554,1896
BCH2,685,10,1368,23
BCK1,1425,508,505,426
BCS1,64,10,14,6
BDF2,978,554,369,422
BDH1,12378,8557,20373,17319
BDH2,53246,123147,70890,116478
BEM1,190,0,94,0
BEM2,11640,2067,10426,2982
BEM3,0,0,1,0
BEM4,1164,35,402,41
BER1,4503,2216,3843,1278
BET1,3654,14144,2760,24927
BFA1,962,101,349,698
BGL2,1695,98,455,406
BIK1,216,10,108,10
BIM1,6240,663,8170,2605
BIO2,3222,1905,1359,1277
BIO3,3387,2485,1448,2176
BIO4,4624,2391,7495,3307
BIO5,4642,3121,7270,4962
BIT2,2597,1686,1176,1295
BIT61,847,477,421,351
BLI1,715,648,289,736
BLM10,4690,999,3349,1344
BLS1,1710,1236,702,899
BMH1,11277,6301,15631,6656
BMH2,886,428,248,252
BMT2,4055,1328,2164,1818
BMT5,2278,1537,1102,980
BMT6,1570,807,690,715
BNA2,1215,957,563,898
BNA3,904,559,382,431
BNA4,536,500,215,332
BNA5,12776,14260,12413,10261
BNA7,6689,7676,3992,7884
BNI1,2407,494,1025,444
BNI5,6767,3284,10035,5352
BNR1,1234,974,587,904
BOI2,2046,1548,744,1187
BOL1,13706,9067,5939,7849
BOL2,2,0,0,4
BOL3,10775,3515,13973,4834
BOP2,2705,4359,1905,7468
BOR1,7174,5231,4846,4892
BPH1,3620,3156,1606,2286
BPT1,2541,1425,2431,2011
BRE1,4848,11033,3506,21876
BRE2,9289,3578,10215,4805
BRE4,3010,948,6648,1759
BRR1,905,285,408,248
BSC1,3795,1777,1889,2114
BSC2,3331,889,6304,1267
BSC4,4283,2805,1983,2110
BSC6,751,577,271,443
BSD2,2883,930,1333,629
BST1,833,129,439,91
BTN2,1112,1132,510,1068
BTT1,4163,500,5617,1151
BUB1,92,2,32,0
BUB2,10124,16729,9327,8797
BUD14,8,0,6,0
BUD16,4031,196,1847,3047
BUD17,1491,118,1201,748
BUD2,1072,953,439,644
BUD22,8,0,0,10
BUD26,1091,159,436,71
BUD27,295,16,92,4
BUD3,1032,949,454,787
BUD31,229,0,76,0
BUD6,1917,727,1431,800
BUD7,431,39,577,182
BUD8,2164,1391,858,1175
BUD9,721,760,235,451
BUG1,2051,242,774,133
BUL1,1220,102,498,139
BUL2,3546,1821,1922,1333
BXI1,2543,1409,1002,1095
BYE1,2963,1216,4423,2935
BZZ1,2540,1458,3298,2482
CAC2,737,79,351,52
CAD1,6422,4468,4951,4359
CAF120,1101,289,391,485
CAF130,844,148,376,149
CAF16,1323,558,1406,1602
CAF4,34453,68997,45497,71629
CAF40,0,0,0,1
CAJ1,144,19,72,57
CAN1,1746,529,2488,534
CAP1,1811,311,853,261
CAP2,1656,4994,1574,11322
CAR1,4,2,4,3
CAR2,4275,1524,4719,2092
CAT2,3268,1095,7354,2166
CAT5,71,32,30,0
CBP2,28,8,10,0
CBP4,63,4,10,2
CBP6,1,0,0,0
CBR1,5064,3687,2823,3183
CBT1,198,2,45,0
CCC1,464,254,149,126
CCC2,296,0,111,14
CCE1,1393,581,804,491
CCH1,583,297,293,207
CCM1,7,0,2,0
CCP1,1376,85,926,710
CCR4,105,2,77,2
CCS1,1877,35,728,44
CCW14,1817,1288,780,1101
CCW22,2477,1513,1125,1102
CCZ1,155,7,191,8
CDA1,1644,176,470,476
CDA2,5921,16021,4889,33712
CDC21,0,0,1,0
CDC3,0,0,1,0
CDC45,0,1,0,0
CDC73,174,0,81,4
CEM1,258,0,73,0
CEX1,1667,481,2638,312
CFD1,472,1696,428,3507
CFF1,5322,2908,6581,4343
CGR1,8208,1213,2991,970
CHA4,3975,2944,1721,2396
CHD1,8142,6194,3944,5195
CHK1,2,0,4,0
CHL4,2666,563,4016,976
CHM7,2179,698,980,647
CHO2,1148,224,322,202
CHS3,1772,247,644,249
CHS6,77,2,22,10
CHS7,131,0,44,4
CHZ1,573,225,200,160
CIK1,1012,2,466,2
CIN1,967,770,389,541
CIN10,1040,104,285,272
CIN5,1973,1096,1169,820
CIN8,1088,26,418,22
CIR1,493,269,194,210
CIS1,3117,2068,3496,3814
CIS3,2719,582,3060,2289
CIT1,935,257,333,81
CIT2,716,385,317,290
CKA2,5400,2926,5762,1823
CKB2,456,87,177,60
CKI1,1734,1045,638,998
CLB1,3183,1313,6328,2152
CLB4,1477,411,577,723
CLB6,2338,658,5687,1360
CLD1,4798,1663,3941,2869
CLG1,825,188,354,295
CLN1,2129,1607,867,1319
CLN3,3662,3018,2884,4232
CLU1,1432,1422,667,1328
CMC4,7991,15943,6372,25994
CMG1,4319,3299,5645,6631
CMI7,2,0,1,0
CMK1,2408,1715,1138,2009
CMK2,661,403,351,311
CMP2,1230,440,583,412
CMR1,1117,713,460,530
CMR2,1782,967,1174,1166
CMR3,1448,1116,497,904
CMS1,1452,728,666,565
CNA1,8858,6691,6466,8058
CNB1,1596,704,660,697
CNE1,4049,2138,2280,3105
CNM1,1344,1059,1095,1607
COA1,19,0,2,0
COA2,2313,687,584,837
COA3,347,46,63,14
COA4,659,75,139,66
COA6,508,123,80,39
COG6,685,43,546,237
COG8,672,219,325,142
COQ1,16,0,0,0
COQ10,137,12,24,2
COQ11,2053,493,4128,1005
COQ2,7,0,4,0
COQ3,179,16,61,2
COQ4,56,0,19,0
COQ5,496,91,103,69
COQ6,1719,36,459,8
COQ9,0,0,2,0
COS10,40498,73647,49525,40504
COS111,4,0,0,1
COS12,3334,1947,4211,3102
COS6,318,137,150,140
COT1,2098,864,1113,853
COX11,24,0,0,2
COX12,95,2,34,0
COX19,50,6,12,0
COX20,311,87,74,20
COX23,111,0,34,0
COX5A,2,0,0,0
COX5B,2361,1997,1305,1731
COX6,63,71,10,13
COX8,597,213,149,110
COX9,74,0,5,0
COY1,1537,903,694,619
CPA1,458,34,171,172
CPA2,3027,1976,1400,1547
CPR1,96,4,86,12
CPR2,586,255,568,396
CPR3,7664,4340,4986,4007
CPR4,1406,1802,728,1769
CPR5,4200,3061,5745,4821
CPR6,1217,347,496,434
CPR7,2223,225,2623,383
CPR8,762,742,301,820
CPS1,1568,614,1046,706
CPT1,994,679,415,422
CQD1,2454,656,2231,619
CQD2,1676,1760,638,1266
CRC1,36,14,34,18
CRD1,663,18,231,11
CRF1,1689,1012,1523,763
CRG1,1568,828,686,599
CRH1,691,439,315,339
CRN1,11,12,15,15
CRP1,7,3,1,0
CRR1,5885,2575,7006,4742
CRS5,105,10,28,24
CRZ1,2213,395,5130,792
CSC1,2816,2472,1577,1989
CSE2,6708,2163,7868,1591
CSF1,890,40,382,26
CSH1,4832,3161,6388,5487
CSI1,905,581,442,374
CSM1,2046,150,2284,340
CSM2,9908,11930,12535,8303
CSM3,2893,1321,3866,4157
CSM4,6,3,3,6
CSR1,1162,813,569,579
CSR2,2232,2086,788,1720
CSS2,5983,3668,6285,5041
CSS3,1672,426,835,352
CST6,1486,2,1099,0
CST9,13977,24120,19700,13845
CTA1,4448,2617,5611,4816
CTF3,1476,634,878,509
CTF8,365,20,220,12
CTH1,1034,402,659,363
CTI6,2445,109,4203,115
CTK3,155,0,57,0
CTL1,3297,2595,1434,1892
CTO1,936,642,405,661
CTP1,1658,529,1189,451
CTS1,19356,20524,34563,34646
CTS2,739,557,296,596
CTT1,3245,3587,3607,4877
CUB1,1559,658,1697,844
CUE1,4331,5541,2452,5418
CUE2,2797,1534,1143,1018
CUE4,699,714,289,574
CUE5,5935,4426,9142,8175
CUL3,8475,13392,9858,6842
CUP2,7333,4905,10424,8268
CUP9,4364,1194,8200,1726
CUZ1,3187,923,6928,1734
CVM1,3744,1286,4649,2622
CWC15,52,4,74,18
CWC21,2183,2376,979,2275
CWH43,3417,1579,1940,1131
CWP1,4320,10428,3161,19620
CWP2,2576,364,1860,1607
CYB2,1564,1389,774,1102
CYB5,1637,748,883,699
CYC1,413,75,97,22
CYC2,462,102,110,34
CYC3,147,78,38,8
CYC7,2587,2334,1094,1691
CYK3,2,0,0,2
CYM1,1756,584,765,344
CYS3,196,145,50,54
CYS4,11,0,4,0
CYT1,61,3,346,18
CYT2,178,14,20,12
DAK1,1107,943,516,621
DAK2,7969,1709,17506,3422
DAL1,2247,1414,949,1075
DAL2,128,140,58,185
DAL3,1915,1400,829,947
DAL4,4243,3101,2052,2169
DAL5,1210,378,525,274
DAL7,6081,6205,6054,8222
DAL80,11,0,5,0
DAL81,3244,20,3640,4
DAL82,31,44,9,28
DAN1,4012,993,8620,1812
DAP1,4011,1652,7602,3074
DAP2,36150,63798,44131,36543
DAS1,1382,205,563,472
DAS2,881,72,638,454
DAT1,645,302,237,237
DBP1,2840,588,6013,987
DBR1,0,0,3,0
DCG1,3345,1075,5653,1998
DCI1,802,423,356,271
DCK1,7704,5671,7817,7997
DCN1,821,451,357,351
DCR2,1165,609,598,563
DCS1,82,4,16,0
DCV1,6254,4674,6770,5406
DCW1,1456,760,516,541
DDC1,2645,956,1061,535
DDE1,2717,1383,2073,937
DDI1,9335,22459,6767,38529
DDL1,926,333,307,201
DDP1,989,910,521,810
DDR2,14309,8162,7032,6690
DDR48,1819,1363,1398,1572
DEG1,319,0,86,2
DEP1,861,2,312,8
DEP1|DRS2,617,64,314,69
DER1,2001,1691,1005,976
DET1,4888,2694,1896,1877
DFG16,0,0,4,0
DFG5,2506,1421,946,1187
DFM1,1709,1565,623,1041
DFP1,1312,782,591,725
DFP2,22690,41947,29743,38029
DFP3,532,461,218,417
DFP4,7530,7268,9191,6275
DGA1,1017,166,402,216
DGK1,1653,866,816,1047
DGR1,4389,2248,3700,2268
DGR2,2277,3831,1501,7021
DHH1,18,0,4,0
DIA1,12563,6365,7082,7113
DIA3,96,2,75,14
DIA4,61,0,14,0
DIC1,610,727,283,723
DID2,1254,385,561,265
DID4,19,0,13,0
DIF1,3623,1252,7472,2613
DIG2,1274,585,481,490
DIN7,9527,5584,9892,8185
DIP5,1840,739,709,550
DIT1,1681,789,576,744
DIT2,1427,961,595,605
DJP1,20709,13273,20993,6836
DLD1,4873,2646,7090,4513
DLD2,1435,1151,618,815
DLD3,5611,4068,7691,6587
DLS1,228,81,81,51
DLT1,1013,319,460,323
DMA1,2010,635,2971,1080
DMA2,2674,1422,2121,1978
DMC1,5725,4400,2512,2933
DMO1,594,24,146,8
DNF1,8961,5859,5786,5890
DNF2,4295,904,2447,2740
DNF3,844,551,419,487
DNL4,5467,6413,3376,9578
DNM1,60,16,17,22
DOA1,1982,397,910,454
DOG1,2475,1295,4258,2658
DOG2,3012,1607,4291,2856
DOM34,682,130,352,426
DOS2,1584,925,610,710
DOT5,2634,1586,1580,1654
DOT6,1010,574,432,442
DPB4,4168,1453,5610,1109
DPC29,1906,1027,1276,1117
DPH2,2650,386,4639,640
DPH5,3823,625,7447,1393
DPH6,124,34,45,26
DPI34,2482,2981,1149,2312
DPI35,1180,589,456,391
DPL1,4610,3517,4880,5091
DRN1,512,22,552,48
DRS1,1,0,0,0
DSC3,7393,6184,8681,8840
DSD1,865,545,746,795
DSE1,4768,1673,6323,2105
DSE2,3982,4972,4126,8647
DSE3,608,446,276,311
DSE4,5249,3141,7709,6718
DSF2,623,637,238,683
DSK2,2226,1473,981,801
DSS4,970,648,411,437
DTD1,1351,247,491,459
DTR1,2849,1421,5048,1822
DUF1,209,18,252,45
DUG1,0,0,1,0
DUG2,2169,1132,934,836
DUR12,4403,2618,1863,1930
DUR3,8283,17330,10134,9510
DUS1,4895,1530,3809,1248
DUS3,2275,1407,1247,855
DUS4,4485,806,4499,3208
DXO1,1669,2459,591,905
DYN1,4797,1894,5635,2702
DYN2,2084,1639,1200,1532
DYN3,924,295,339,200
EAF3,1745,1412,944,856
EAF6,2,1,6,1
EAF7,508,28,188,14
EAR1,2280,1174,1098,1019
EAT1,2405,3058,1376,2142
ECI1,694,332,327,250
ECL1,1735,1132,917,924
ECM1,6609,1902,14388,2755
ECM12,2688,2027,1174,1334
ECM14,1013,529,424,426
ECM19,32,0,18,20
ECM2,666,741,224,412
ECM21,507,336,227,246
ECM22,706,174,327,302
ECM25,1285,547,674,415
ECM27,17,0,7,1
ECM29,2060,764,2662,1130
ECM30,2125,707,654,904
ECM31,7109,3982,2927,2890
ECM32,10895,15465,6809,19032
ECM33,8851,1903,6041,2290
ECM34,8277,10678,9321,5929
ECM38,1905,1726,1856,1739
ECM4,6703,5999,8782,12270
ECM5,2217,1117,977,759
ECM7,130,6,45,49
ECM8,30,4,8,4
ECT1,9838,17695,11195,8402
EDC1,1077,494,545,317
EDC2,1513,1214,726,1057
EDC3,386,30,184,71
EDS1,982,780,459,528
EEB1,24056,46487,30387,23541
EFG1,1169,4,918,2
EFG1|YGR272C,49,0,14,0
EFM1,824,595,293,587
EFM2,1251,725,469,596
EFM3,1200,749,488,550
EFM4,2,2,2,4
EFM5,2,0,0,0
EFM6,2073,783,4284,1416
EFT1,849,713,336,539
EFT2,1044,91,352,94
EGD2,3061,1963,2369,4277
EGH1,1719,707,3636,1014
EGO2,13290,2569,24675,7852
EGT2,1408,694,487,530
EHD3,4101,2166,1490,1449
EHT1,1728,1613,831,1149
EIS1,8534,15813,9586,7759
ELF1,6,0,0,0
ELG1,2268,513,1548,533
ELM1,491,12,240,9
ELO1,1262,350,2890,624
ELO2,1316,152,2889,570
ELO3,336,91,144,132
ELP2,167,12,60,4
ELP3,143,4,37,4
ELP4,346,2,114,9
ELP6,888,6,921,16
EMA17,2,2,2,0
EMA19,1158,601,520,520
EMC1,373,157,174,76
EMC10,1542,1268,969,840
EMC2,313,16,167,96
EMC3,3064,649,6651,1292
EMC4,8,2,4,6
EMC5,297,39,167,106
EMC6,4702,2309,6403,2475
EMI1,2172,663,580,792
EMI2,1282,958,1131,761
EMP47,2405,1658,1219,1393
EMP65,3260,1656,1396,1027
EMP70,213,8,109,26
ENO1,4313,3147,1889,2324
ENT1,3923,2273,3529,2853
ENT2,1234,962,519,608
ENT4,41,9,46,20
ENT5,2332,915,2683,846
ENV11,3224,1786,2673,2504
ENV9,3636,2852,2059,3248
EPO1,199,4,44,34
EPS1,24,14,36,12
EPT1,7066,19485,8609,10157
ERC1,1240,798,518,613
ERF2,3250,738,5186,956
ERG3,0,0,0,2
ERG5,1023,385,390,383
ERG7,1,0,0,0
ERI1,1269,12,812,25
ERP1,2422,796,3679,1598
ERP2,21,10,18,22
ERP3,1780,1404,661,995
ERP5,3596,2938,3760,3781
ERS1,1295,1134,535,881
ERT1,2929,3605,2257,4090
ERV15,2160,764,936,1099
ERV2,1244,802,466,543
ERV25,2718,1583,1217,1220
ERV29,1901,326,633,442
ERV41,3087,2133,1482,2460
ERV46,3354,2377,3229,3543
ESBP6,2717,1184,4144,2026
ESC1,1262,636,418,700
ESC2,1121,27,378,18
ESL2,1209,870,593,891
EST3,2073,285,3470,534
ETP1,1288,805,3178,1665
ETT1,6753,5114,6857,3781
EUC1,837,457,421,329
EUG1,23,0,0,0
EXG1,4445,2843,6693,3013
EXG2,16894,12569,28732,34957
EXO5,50,18,8,4
EXP1,2722,1280,2956,1627
FAA1,1340,452,1704,331
FAA3,7172,11158,5210,20494
FAA4,664,558,487,772
FAP1,13736,22299,18053,19337
FAR1,4013,2361,3859,2978
FAR10,870,633,340,469
FAR11,1087,829,447,678
FAR3,4794,2301,1971,1901
FAR7,1244,402,481,293
FAT1,491,398,197,478
FAT3,1453,1172,602,918
FAU1,17405,12686,7229,8990
FBP1,899,626,243,52
FBP26,1470,483,1419,351
FCY1,2960,1867,2522,2093
FCY2,594,142,919,249
FCY21,4256,3185,2053,2613
FCY22,2678,394,4393,259
FDO1,24917,31561,28813,15456
FEN2,676,19,270,33
FET3,3556,928,1381,648
FET4,3021,1589,1014,1049
FET5,3099,1144,2137,1045
FHN1,529,224,232,152
FIG4,2877,1505,1266,979
FIN1,240,10,180,38
FIP1,1,0,0,0
FIR1,832,172,297,306
FIS1,16504,22122,20071,12283
FIT1,1580,923,1488,874
FIT2,1924,1345,824,943
FIT3,829,552,273,377
FKH1,10327,11542,10112,9960
FKH2,6011,11806,7168,7245
FKS3,1231,784,559,596
FLC1,2484,2167,1064,1454
FLC2,17263,8680,18919,16876
FLC3,14640,11559,15289,21546
FLO1,4279,1695,8017,1580
FLO10,1029,844,452,671
FLO11,18695,33652,21588,17231
FLR1,589,174,267,131
FLX1,22,0,4,0
FMC1,5550,424,2699,574
FMP10,12383,7732,4985,6080
FMP16,1515,432,551,596
FMP23,919,745,393,534
FMP25,2570,563,3909,318
FMP27,3068,1846,4328,2927
FMP30,9880,3342,11313,5630
FMP32,4235,3566,3363,4037
FMP33,1813,494,3863,892
FMP40,2382,506,4117,327
FMP41,10480,8958,13175,18794
FMP42,2823,1578,1429,1315
FMP45,1522,1218,690,1016
FMP46,7002,6737,9429,11330
FMP48,1702,689,2411,1128
FMP49,1705,1253,736,929
FMP52,1925,1408,849,1033
FMS1,3338,2557,1336,1727
FOB1,2217,1561,879,1029
FOX2,2879,2335,2652,2593
FPK1,5178,4492,4165,1886
FPR2,880,792,381,900
FPR3,2018,1621,790,1181
FPR4,5448,1382,9099,1620
FPY1,862,491,392,303
FRA1,2,0,6,0
FRD1,1655,884,859,750
FRE2,3057,762,6229,1242
FRE3,2214,1389,943,1207
FRE4,1134,509,416,390
FRE5,1,1,0,3
FRE6,3619,3083,1692,2315
FRE7,17700,13028,16088,17470
FRK1,1283,333,1611,837
FRM2,1452,1031,564,704
FRT1,902,673,358,429
FRT2,26794,55107,34028,34201
FSF1,1516,713,584,488
FSH1,1247,400,1981,868
FSH2,2383,2041,1043,1543
FSH3,719,577,324,363
FTH1,6929,4061,10799,8416
FTR1,5813,845,4347,995
FUB1,3306,1030,4607,1490
FUM1,242,51,48,14
FUN14,3228,874,4257,761
FUN19,2843,1418,5241,1694
FUN26,4512,3542,5961,7699
FUN30,14787,17592,20030,10303
FUR4,13693,666,16689,1316
FUS1,229,39,66,101
FUS2,1174,777,514,633
FYV1,438,18,135,17
FYV5,252,2,107,1
FYV8,415,261,185,133
FZF1,8079,7176,9467,14734
FZO1,31,2,8,0
GAC1,2436,1522,3372,3368
GAD1,188,42,100,399
GAL1,48915,50549,67975,38180
GAL10,1747,1797,628,1332
GAL2,6699,4990,4696,4836
GAL3,2223,1405,1012,985
GAL4,6128,2932,9075,5502
GAL7,3381,1989,1427,1410
GAL80,1853,937,992,377
GAL83,1756,1151,610,822
GAP1,18555,41430,22595,40348
GAS2,1090,1018,507,777
GAS3,2489,1500,1057,875
GAS4,721,703,289,456
GAS5,4876,1382,3638,1409
GAT1,1039,604,475,501
GAT2,4150,10935,4517,4128
GAT3,960,581,445,396
GAT4,3182,4829,2771,8086
GBP2,8,0,9,6
GCG1,4025,3724,1624,3409
GCN20,3896,1972,3302,2243
GCN3,5297,2780,6410,7993
GCN4,2536,726,4018,1657
GCS1,296,45,140,5
GCV1,1880,1263,776,897
GCV2,1819,1342,1308,1239
GCV3,1136,152,307,23
GDA1,3620,2230,2575,1596
GDE1,1705,1087,702,680
GDH1,0,0,0,1
GDH2,2780,1528,3907,1941
GDH3,21414,9432,14606,8318
GEA1,8413,4488,8529,5524
GEF1,4398,776,1984,700
GEM1,100,3,23,2
GEP3,163,19,41,0
GEP4,68,0,20,0
GET1,2709,819,1051,632
GET2,249,0,54,0
GET3,2,0,0,0
GEX2,1825,1192,1090,1077
GFD1,3958,2942,1738,2494
GFD2,1,0,0,0
GGA1,574,10,132,92
GGA2,1822,816,2814,1523
GGC1,149,0,36,0
GIC1,1292,205,998,659
GIC2,1475,154,973,738
GID10,1532,1137,1123,933
GID11,3035,1554,5786,1970
GID12,1193,416,599,417
GID7,487,138,166,162
GID8,1657,587,714,325
GIM3,2280,303,3355,392
GIM4,2074,36,3020,22
GIM5,615,27,193,38
GIP1,1838,601,2186,3128
GIP2,2071,1476,911,1035
GIP3,1532,1031,646,1322
GIP4,3483,1962,3145,2148
GIR2,634,685,333,413
GIS1,1651,567,836,522
GIS2,1893,1501,938,1564
GIS3,83,2,16,20
GIS4,13203,9946,16193,6972
GLC3,1766,55,1784,803
GLC8,969,439,389,450
GLG1,4664,2333,6576,3924
GLG2,3765,3758,3356,4806
GLK1,646,470,469,375
GLN3,386,33,146,25
GLO1,863,432,338,318
GLO2,2248,238,4607,1440
GLO3,712,12,149,4
GLO4,1939,1173,964,942
GLR1,2115,976,2919,1532
GLT1,2919,1619,1273,1257
GMC1,2644,1183,4695,1321
GMC2,1443,1260,790,1049
GMH1,21081,36887,25233,22894
GNP1,4464,3555,1839,2554
GNT1,3885,2242,4319,4245
GOR1,4806,3657,3430,3462
GOS1,730,176,372,227
GOT1,1150,849,493,591
GPA1,4360,13404,3884,9648
GPA2,2166,1586,2440,3208
GPB1,2543,1316,1571,2461
GPB2,16386,10776,20984,20321
GPC1,675,84,213,259
GPD1,2383,1429,1251,1531
GPD2,994,579,428,473
GPG1,2398,1445,1207,1253
GPM2,3402,3489,2401,5875
GPM3,3941,1410,8792,3117
GPP1,23767,25642,31922,19325
GPP2,179,14,215,44
GPR1,1342,1324,1295,1664
GPT2,309,27,254,85
GPX2,1704,1546,866,1146
GRE2,3683,2819,1580,2785
GRE3,2984,929,4479,1221
GRH1,569,213,257,171
GRX1,2841,675,4682,679
GRX2,4138,3164,4438,5081
GRX3,3420,1848,1351,1466
GRX4,6936,4016,3036,2933
GRX5,16,0,8,0
GRX6,1569,889,632,766
GRX7,2256,2295,953,1964
GRX8,2632,1449,1046,829
GSC2,1594,382,2359,570
GSF2,2422,1272,2558,1647
GSM1,3760,2175,1432,1686
GSP2,1735,839,1447,692
GSY1,2580,551,4600,533
GSY2,1643,356,645,784
GTA1,1847,998,730,793
GTB1,3031,1484,3682,3060
GTF1,30,0,6,0
GTO1,2416,1792,1020,1276
GTO3,2592,2731,1386,3030
GTR1,1036,69,337,48
GTR2,3,0,0,0
GTS1,17162,19400,17238,24642
GTT1,1863,414,548,863
GTT2,1801,766,814,540
GTT3,2309,1815,1216,1551
GUD1,7373,3095,6426,6612
GUF1,316,63,160,12
GUP2,4939,3799,3890,3479
GUT1,5491,11401,6035,4791
GUT2,1923,3724,1445,5695
GVP36,46982,57542,54589,85604
GYL1,2454,1764,2260,2011
GYP5,3157,941,4903,1177
GYP6,1543,1187,749,1032
GYP8,20175,24481,24538,14358
GZF3,4198,3336,6323,4554
HAA1,5926,14151,4509,27129
HAC1,3079,825,5909,1466
HAL5,4705,1540,12821,2903
HAL9,7072,4368,9081,8222
HAM1,834,66,230,188
HAP2,2,0,0,0
HAP4,20,0,0,0
HAT2,800,378,301,259
HBN1,13317,11832,7061,12920
HBS1,1373,275,2774,430
HBT1,353,16,126,105
HCM1,1758,919,847,648
HCR1,90,2,26,0
HCS1,5476,3789,6927,7792
HDA2,61,3,14,2
HEF3,2353,977,936,957
HEH2,72,2,14,8
HEL2,115,0,68,37
HEM25,2469,1942,1750,676
HFD1,1307,1029,618,798
HFL1,2099,1066,1442,1171
HFM1,2364,1280,999,1602
HGH1,1058,216,2090,422
HHF1,768,164,566,259
HHF2,1041,459,403,374
HHO1,2222,587,4863,965
HHT1,1961,914,2656,1622
HHT2,3484,718,7178,1601
HHY1,421,134,171,217
HIM1,5509,3288,8623,5312
HIR2,0,0,2,0
HIR3,2991,632,2077,992
HIS1,1778,748,674,560
HIS2,2174,4354,1550,7273
HIS3,982,386,410,296
HIS5,43,8,20,42
HIS6,3969,676,5775,1471
HIS7,8,2,0,0
HIT1,333,10,323,0
HLJ1,725,259,379,269
HLR1,4398,10447,3491,21117
HMF1,2117,1051,1649,857
HMG1,3679,2255,2240,2315
HMS1,2,0,0,0
HMS2,38,6,28,18
HMT1,641,449,285,494
HMX1,623,88,595,103
HNT1,4,0,6,0
HNT2,1,0,0,2
HO,944,371,414,324
HOG1,2956,1176,1969,1266
HOM2,1714,127,627,528
HOM6,1383,15,683,39
HOP1,5098,1707,11621,2607
HOR7,1637,775,676,503
HOS1,2234,941,3439,2081
HOS2,434,100,319,99
HOS3,1964,1470,771,1331
HOS4,2949,932,1586,621
HOT1,3289,2576,1593,2924
HOT13,1415,1085,513,812
HPA3,3532,3913,2303,2406
HPC2,272,2,82,36
HPF1,2655,1901,2260,1854
HPM1,6608,1653,7139,1202
HPT1,1808,1419,1810,1563
HRB1,2080,1139,977,873
HRD3,1217,337,2577,321
HRK1,2491,1602,1035,1979
HRQ1,3319,1181,6475,2098
HRT3,1253,1196,559,905
HSC82,1819,852,815,674
HSE1,4080,2593,1753,1711
HSL1,1020,643,663,875
HSM3,432,246,199,109
HSP104,9420,18930,9043,33422
HSP12,2431,853,2924,1290
HSP150,2874,1813,4236,3767
HSP26,368,456,169,421
HSP30,1126,581,1034,415
HSP31,3446,1041,6550,2038
HSP42,1353,499,494,397
HSP78,4546,2903,7730,6056
HSP82,3011,1480,1337,1031
HST1,646,418,221,318
HST3,1461,695,728,842
HST4,1191,843,709,892
HSU1,1860,1247,741,908
HTB2,324,17,69,0
HTC1,3101,1639,4464,2352
HTD2,225,2,79,0
HUA1,3495,1611,3522,2436
HUA2,801,311,293,188
HUB1,6301,12398,4877,25369
HUG1,5311,7152,2949,10335
HUL4,4,0,0,0
HUL5,12,0,0,0
HVG1,0,0,1,0
HXK2,3818,2136,1669,1918
HXT1,348,54,649,240
HXT10,3612,2908,2219,3656
HXT12,931,763,397,1039
HXT14,1967,1454,809,1051
HXT17,4239,1923,5866,2229
HXT2,1618,931,697,753
HXT3,129,14,55,54
HXT4,1536,471,3121,1170
HXT5,815,71,307,224
HXT8,2526,2491,1434,2254
HYR1,7971,5571,10911,13829
IAH1,4411,1549,5376,2518
IBD2,5668,2529,10335,4747
ICE2,4580,1397,3933,1464
ICL1,493,159,202,70
ICP55,1041,41,928,91
ICS2,1434,2035,923,2702
ICS3,986,756,496,570
ICT1,668,256,362,185
ICY1,5420,4002,3191,3699
IDH1,170,18,44,2
IDH2,8,0,11,0
IDP1,2749,1827,2948,5036
IDP2,930,462,933,359
IDP3,2786,1823,1303,1334
IDS2,3092,2475,4163,4477
IES1,984,325,665,313
IES3,230,2,80,1
IES4,8262,7860,10568,3525
IES5,563,150,236,87
IGD1,5596,4062,7133,6395
IGO1,145,32,224,84
IGO2,3043,5558,2550,11391
IKS1,986,806,723,895
ILM1,996,21,619,21
ILT1,1402,721,583,514
ILV1,483,37,217,51
ILV6,1374,523,573,576
IMA1,6136,4061,5110,4609
IMA5,13812,21704,17494,12111
IMD3,26706,49953,34524,25719
IMD4,1486,1327,670,921
IME1,1647,1337,701,1079
IME2,964,445,465,299
IMH1,1609,1509,708,1468
IML2,1724,714,739,637
IML3,1689,1086,674,1187
IMO32,1802,823,1564,693
IMP1,52,0,4,0
INA1,622,82,177,189
INA17,2944,2382,2222,2196
INA22,1117,305,460,293
INH1,0,1,0,0
INM1,11,12,13,14
INM2,23,13,35,33
INO1,5817,2166,6299,3535
INO2,526,124,242,96
INO4,583,153,304,104
INP1,2979,1523,1293,1261
INP2,1137,861,491,575
INP51,8786,12864,4962,19355
INP52,1724,641,3363,1008
INP53,2,0,0,0
INP54,2011,1070,2510,1053
IOC2,3382,1155,1707,1139
IOC3,3846,2002,6990,3396
IOC4,876,47,239,125
IPK1,2154,1374,824,2100
IPT1,2038,817,894,645
IRC11,372,10,99,172
IRC13,419,20,134,14
IRC14,12,0,2,0
IRC15,2,0,0,2
IRC18,1630,1062,898,814
IRC19,327,6,71,2
IRC2,2890,2924,1096,2065
IRC20,1952,1290,770,848
IRC21,1869,842,721,676
IRC22,2348,1817,1092,1207
IRC23,975,125,343,393
IRC24,2205,1105,900,757
IRC25,28,0,16,0
IRC8,975,701,319,450
IRC9,3548,3011,5710,5360
IRE1,1439,1095,1120,1308
IRS4,1113,411,1137,631
ISA2,222,0,35,0
ISC1,483,189,289,231
ISC10,6997,3550,3045,2738
ISF1,1455,1167,775,786
ISN1,1383,317,448,474
IST1,11699,8768,10096,8583
IST3,541,141,185,239
ISU1,1998,1601,1128,1361
ISW1,1238,595,600,544
ISW2,1852,2067,732,1035
ISY1,1300,172,494,416
ITC1,7079,7810,12248,10491
ITR1,1195,846,655,615
ITR2,43629,72601,52984,40667
ITT1,3517,1343,6441,2428
IVY1,3020,2515,2803,4296
IXR1,313,24,94,27
IZH1,1467,1078,650,723
IZH3,2709,2341,1283,2129
IZH4,6493,3962,7495,7560
JEM1,1268,810,635,517
JEN1,26624,50623,34199,26029
JHD1,1026,77,1568,295
JHD2,5395,4502,1926,3151
JID1,659,429,260,177
JIP3,4100,1631,5543,3428
JIP4,1673,943,1270,687
JJJ2,3969,807,8420,2246
JJJ3,1248,464,431,616
JLP2,1162,725,489,503
JNM1,380,117,166,193
JSN1,3714,1730,3930,1900
KAP120,808,429,341,300
KAR4,126,6,56,8
KAR5,3286,2585,2526,2946
KAR9,1459,916,569,753
KCC4,639,422,247,277
KCH1,1347,1222,716,890
KCS1,810,2,860,6
KDX1,1096,569,530,477
KEL1,1157,987,925,1080
KEL2,22150,56438,29447,54278
KEL3,3053,1952,2222,2154
KES1,3204,1267,5809,2583
KGD1,2749,2987,2315,11947
KGD2,388,111,103,22
KHA1,1251,215,396,147
KIN1,3077,2258,1182,1356
KIN2,1405,762,647,497
KIN4,851,632,302,411
KIP2,2068,1941,991,1883
KIP3,897,460,413,433
KKQ8,2769,203,1512,1402
KNH1,17,0,2,0
KNS1,2123,235,4317,173
KRE1,622,241,279,366
KRE2,9185,5998,4740,4555
KRS1,0,0,0,1
KSP1,437,4,487,22
KSS1,1373,234,2603,327
KTD1,1946,1732,979,1240
KTI11,773,104,147,119
KTI12,511,17,502,40
KTR1,1125,332,1978,202
KTR2,4276,1987,5181,3766
KTR3,1670,1235,901,966
KTR4,4909,4010,4531,4246
KTR5,1011,661,428,548
KTR7,5286,4023,2398,3144
LAA1,7283,2787,2366,1993
LAC1,2784,4245,1702,2560
LAF1,3911,3492,1960,2150
LAG1,3366,720,7803,477
LAG2,6608,2293,14817,4248
LAM1,812,183,1023,134
LAM4,1594,521,3033,1218
LAM5,306,285,109,224
LAM6,2232,1488,1284,1057
LAP2,2824,1663,4042,2807
LAS21,1214,161,847,237
LAT1,903,10,574,6
LCB3,11787,17707,15383,10336
LCB4,1831,3230,1555,1820
LCB5,96,11,18,2
LCL2,4783,1200,6375,4361
LDB16,888,700,465,1043
LDB18,621,234,216,177
LDH1,2214,1629,991,1297
LDO16,1914,2448,876,2374
LDO45,1050,926,492,629
LDS1,2489,1386,3280,2744
LDS2,2219,396,930,761
LEA1,0,0,1,0
LEC1,3006,911,1821,1226
LEU3,1066,776,427,602
LEU4,16284,16153,29142,53521
LEU9,6,0,22,0
LHP1,1537,1487,669,1370
LIA1,1628,313,1187,401
LIH1,7525,6367,6019,8151
LIN1,3298,1853,4752,4071
LIP2,783,202,236,248
LMO1,2815,544,5762,361
LOC1,67,0,30,0
LOG1,1645,1190,752,877
LOH1,990,669,682,547
LOS1,6191,1633,6120,1597
LOT5,2547,2926,1172,2421
LOT6,3012,1612,1335,1202
LPD1,1800,384,500,406
LPL1,1563,1028,607,803
LPP1,1161,532,677,373
LPX1,1133,723,455,365
LPX2,1960,724,2499,707
LRE1,0,3,5,3
LRG1,2808,131,3577,590
LRO1,782,445,340,393
LRS4,367,2,192,2
LSB1,870,257,346,275
LSB3,2195,1612,948,1277
LSB6,908,664,351,436
LSC1,1016,590,405,594
LSM1,215,2,118,2
LSM12,2374,678,5575,1215
LSM7,2181,477,1631,779
LSO1,24507,143505,26792,196259
LSO2,379,0,119,23
LSP1,8144,7243,10452,14856
LST4,0,0,0,2
LST7,7,3,5,3
LTP1,2178,911,2562,1534
LTV1,24,0,20,0
LYP1,4746,2644,2999,3253
LYS1,4877,561,4897,1635
LYS14,2,0,3,0
LYS2,3287,876,1397,749
LYS20,337,0,118,0
LYS21,3274,2246,1600,2010
LYS4,758,242,321,162
LYS5,7908,2635,3316,1694
LYS9,0,0,2,0
MAC1,583,64,122,78
MAD2,623,383,246,374
MAD3,5109,2924,7154,3558
MAE1,2693,2737,1129,2593
MAF1,98,10,30,20
MAG1,4711,3621,3626,5397
MAG2,1914,577,700,1119
MAK10,2703,679,1012,437
MAK3,452,246,150,232
MAK32,4833,4172,6658,8478
MAL12,7908,4754,3497,3552
MAL13,6605,5226,5167,5582
MAL31,185,8,169,26
MAL32,3206,3526,1662,2856
MAL33,1018,27,466,98
MAM1,4506,4071,3138,4280
MBA1,322,49,113,10
MBB1,1,0,0,0
MBF1,4026,2214,1536,2330
MBP1,2052,940,814,931
MBR1,812,150,1065,365
MCA1,648,302,286,164
MCH1,435,24,154,139
MCH2,26001,46189,32067,24905
MCH4,1863,255,2641,671
MCH5,696,100,1092,73
MCK1,15175,1835,16037,6488
MCM22,4,0,0,0
MCO10,10081,15478,10022,29547
MCO12,8103,6134,9922,8581
MCO32,1140,499,437,362
MCR1,111,6,63,11
MCT1,253,11,79,0
MCX1,2442,802,2727,440
MCY1,3683,3863,3813,7402
MDE1,4445,2257,7220,2650
MDG1,11792,6418,21261,12113
MDH1,912,357,184,158
MDH2,676,289,576,232
MDH3,2635,1745,1763,1770
MDJ1,218,13,59,42
MDJ2|PEX6,5,1,0,0
MDL1,1168,197,1413,211
MDM1,3649,2118,1705,1696
MDM34,80,0,50,0
MDM35,118,4,36,2
MDM36,3719,1923,3662,2839
MDM38,394,28,119,11
MDR1,2350,982,3331,1707
MDS3,1030,824,781,1212
MDV1,1990,1263,796,933
MDY2,644,329,264,252
MEC3,6,2,2,0
MED1,496,0,416,2
MED7,1,0,0,0
MEF2,22,0,14,0
MEH1,4496,1045,3911,977
MEI4,618,320,622,447
MEI5,89,5,17,23
MEP1,2168,546,4553,1052
MEP2,4431,2601,4556,3564
MET1,16059,24458,19804,12950
MET10,1592,1825,2306,3228
MET14,1410,1529,734,1192
MET17,4625,4050,5177,8063
MET2,17566,12686,13916,12699
MET28,4685,3249,1954,2882
MET3,5095,4873,6463,8727
MET30,0,0,1,0
MET32,4800,1983,6165,2780
MET5,26356,61036,37496,55500
MET6,467,350,199,212
MET8,1892,1189,913,809
MEU1,1324,492,583,320
MFA1,6939,13536,5989,21306
MFA2,576,185,289,231
MFB1,2204,253,2803,446
MFG1,2359,1637,1119,1250
MFT1,440,82,153,65
MGA2,2055,180,1609,138
MGE1,0,0,1,0
MGL2,1808,1782,733,1430
MGM1,25,0,2,0
MGP12,6656,3842,7875,6125
MGR2,1805,178,672,89
MGR3,468,182,124,127
MGT1,1183,773,570,519
MHF1,17074,11808,25666,24536
MHF2,2509,215,1363,4193
MHO1,1467,759,668,553
MHP1,1200,1085,602,579
MHR1,945,54,208,76
MHT1,362,20,193,69
MIC10,2380,1217,925,674
MIC12,1005,817,441,427
MIC19,2470,618,5133,730
MIC27,225,4,204,25
MIC60,1522,417,1063,847
MIG2,1080,727,397,561
MIG3,14590,8756,12002,11719
MIH1,6314,3913,5930,4784
MIL1,7658,3709,9182,5260
MIN10,35,0,4,2
MIN3,5082,2988,2191,2159
MIN4,6704,9122,6642,14077
MIN6,44546,35601,62291,72291
MIP6,10,0,8,2
MIR1,607,38,139,10
MIS1,2865,1331,815,967
MIX14,0,0,2,0
MIX23,2093,1442,953,1367
MKC7,3773,367,3870,1056
MKK1,116,18,237,58
MKK2,3869,2504,4026,4161
MKS1,876,156,403,103
MKT1,26527,60707,34821,66585
MLF3,10224,19771,11061,10085
MLH1,1411,332,916,298
MLH3,5912,4292,6246,6207
MLO1,6748,6315,3416,5271
MLO127,54569,105959,71353,58369
MLO50,8,0,2,2
MLP1,837,420,375,280
MME1,2661,485,2459,1228
MMF1,329,1997,307,4311
MMM1,42,0,16,0
MMO1,232,21,155,161
MMP1,3256,1879,1582,1240
MMR1,841,51,348,25
MMS4,788,503,354,629
MMT1,1034,285,384,184
MMT2,3921,2638,3097,2948
MNC1,2,0,0,0
MND2,54,11,18,21
MNE1,66,4,6,4
MNL2,471,53,150,207
MNN1,3828,2425,1699,1886
MNN10,2032,6,1137,19
MNN14,3070,3680,1733,2353
MNN2,6,0,4,0
MNN4,1303,182,2120,257
MNN5,1589,946,1015,824
MNR2,1958,1345,843,1129
MNS1,2017,1572,803,1113
MNT2,4688,3353,2068,2549
MNT3,3129,9638,2526,17104
MNT4,17183,28832,21868,15055
MOD5,0,0,1,0
MOG1,0,0,1,0
MON1,2286,194,3235,625
MON2,1283,68,482,68
MOT3,6089,18743,3743,30367
MPA43,1567,1294,636,875
MPC2,1216,364,497,350
MPC54,1507,990,653,735
MPD1,2854,1851,1219,1295
MPD2,5529,4065,6890,7936
MPH1,2534,2083,3676,3510
MPM1,2,0,0,2
MPP6,240,239,90,229
MRC1,996,201,478,164
MRH1,4108,3870,2129,2976
MRI1,14427,27906,15862,46634
MRK1,4536,8003,3346,13933
MRL1,4171,3275,1947,3123
MRM1,43,14,8,0
MRM2,1898,51,566,110
MRN1,1794,112,3151,98
MRP13,2490,954,3048,1370
MRP17,98,4,19,2
MRP35,2503,3543,2375,1969
MRP49,1146,369,235,102
MRP51,22,0,0,0
MRP7,180,20,46,23
MRP8,1597,817,1641,1680
MRPL1,8,0,2,0
MRPL10,6,0,2,2
MRPL11,690,48,213,12
MRPL13,387,2,88,0
MRPL15,56,2,15,0
MRPL17,286,21,58,0
MRPL20,749,115,182,128
MRPL23,131,0,30,0
MRPL25,29,0,9,0
MRPL27,347,13,79,6
MRPL32,76,13,9,0
MRPL37,88,11,16,5
MRPL38,70,0,16,0
MRPL39,3144,1606,954,1261
MRPL4,50,0,18,0
MRPL40,107,0,6,0
MRPL44,2150,1486,832,1047
MRPL49,50,0,10,0
MRPL50,6186,7528,6801,4369
MRPL51,61,0,12,0
MRPL8,50,25,8,18
MRPS35,279,38,54,0
MRPS5,126,0,29,0
MRPS9,1514,541,1087,1081
MRS2,363,214,69,202
MRS3,4567,2226,6985,4628
MRS4,23207,30157,28988,16444
MRX10,0,0,0,1
MRX12,2544,2435,1581,2670
MRX15,1322,677,564,524
MRX16,0,0,2,2
MRX18,1293,256,487,708
MRX19,2203,520,725,764
MRX21,639,156,1334,323
MRX3,1169,616,461,524
MRX4,1605,1170,743,778
MRX6,1222,1001,410,668
MRX8,592,68,465,292
MRX9,1151,655,471,663
MSA1,2,0,0,2
MSA2,4328,3044,1977,2469
MSB1,13,0,14,10
MSB2,1264,1052,453,885
MSB4,590,561,278,626
MSC1,766,9,494,169
MSC2,1633,1356,798,1112
MSC3,911,336,354,239
MSC6,895,206,295,119
MSC7,914,61,1290,255
MSE1,126,2,18,0
MSF1,68,0,6,0
MSG5,992,323,451,275
MSH1,2,0,0,0
MSH2,18135,8884,33392,9841
MSH4,6991,2451,11500,4215
MSH5,15423,27178,18812,14920
MSH6,6232,2413,10984,4856
MSK1,38,0,6,0
MSL1,769,1543,522,2799
MSM1,24,0,0,0
MSN1,941,393,366,518
MSN4,1600,882,865,691
MSN5,719,100,213,66
MSO1,987,411,398,231
MSP1,2574,856,4419,1351
MSR1,22,8,6,1
MSS1,1238,282,611,821
MSS11,1387,944,629,550
MSS116,67,18,12,4
MSS2,62,0,23,0
MSS51,70,8,8,2
MST1,215,21,43,0
MSW1,2181,321,494,364
MTC1,880,1140,437,1000
MTC2,286,72,91,270
MTC4,1022,391,462,453
MTC5,841,153,338,89
MTC6,2275,1474,2425,2716
MTC7,974,210,373,190
MTD1,7411,1568,12045,2085
MTE1,103,4,18,16
MTF1,86,2,22,0
MTF2,157,24,24,6
MTG1,1409,199,284,362
MTH1,6567,14830,4716,33254
MTL1,2252,1803,1213,1370
MTM1,4303,119,1093,62
MTO1,1878,2092,1174,2864
MTQ1,2551,1379,970,836
MUB1,648,179,209,118
MUD1,2333,2542,996,1697
MUD2,5488,1754,2467,1196
MUK1,1345,498,3383,1082
MUM2,516,257,637,443
MUM3,1758,944,748,1018
MUP1,266,50,121,36
MUP3,299,4,165,84
MUS81,1344,391,539,276
MVB12,492,489,301,254
MVP1,592,242,292,240
MXR1,157,53,56,36
MYG1,4637,567,1869,748
MYO3,1012,84,837,591
MYO4,4218,2570,5579,2909
MYO5,863,637,348,353
MZM1,2798,752,876,246
NAB6,811,324,324,358
NAM2,121,0,32,0
NAM7,1252,867,665,1787
NAM8,837,164,1665,339
NAP1,2022,994,844,783
NAS2,22221,42817,28180,24445
NAT3,216,4,100,0
NAT4,2941,2675,1694,2942
NBA1,4418,1603,4455,2019
NBP2,1249,187,828,201
NCA3,1331,1368,550,1048
NCE101,3205,1336,6436,2660
NCS2,294,19,204,13
NCW2,727,664,327,647
NDE1,4330,395,8253,1079
NDE2,654,47,210,264
NDI1,3162,1595,2865,435
NDJ1,22282,40516,27539,22682
NDL1,2929,3164,2057,3943
NDT80,8281,16711,10107,8238
NEJ1,1289,760,568,735
NEL1,2278,648,4751,1326
NEM1,480,44,165,28
NEW1,1,1,0,0
NFG1,1068,1056,526,706
NFI1,1978,903,985,681
NFT1,1135,707,446,474
NFU1,732,462,240,153
NGG1,708,16,379,10
NGK1,17282,34983,24385,19533
NGL2,728,300,293,90
NGL3,37,0,5,10
NGR1,5427,3368,5518,5452
NHA1,1568,111,834,148
NHP10,990,191,778,331
NHP6A,802,495,307,470
NHP6B,1836,906,791,859
NHX1,2,0,0,0
NIF3,634,463,252,499
NIP100,496,10,137,6
NIS1,5471,1981,9978,2804
NIT1,2758,5363,2147,9501
NIT2,0,0,2,1
NIT3,788,486,320,386
NKP1,1138,187,335,492
NKP2,559,69,230,50
NMA1,3673,2873,4234,5644
NMA111,389,24,139,75
NMA2,861,654,353,540
NMD2,1438,104,1959,117
NMD4,5251,3939,7301,7462
NNF2,2360,1277,3230,1663
NNK1,1510,1060,663,1072
NNR2,1650,823,639,573
NNT1,524,480,201,501
NOP13,22423,15830,25434,26335
NOP16,2156,857,962,710
NPL3,2,0,2,0
NPL4,1295,517,518,336
NPL6,375,29,143,34
NPP2,2459,1454,966,1025
NPR2,1717,513,839,328
NPR3,4611,1792,6003,759
NPT1,12,0,6,2
NQM1,0,0,2,0
NRE1,3579,1003,7702,1684
NRG1,9255,7001,11800,12238
NRG2,1136,837,696,1096
NRK1,5453,3112,5639,4465
NRM1,2971,1170,3409,1660
NRP1,751,70,173,41
NRS1,165,14,145,49
NRT1,2126,1514,839,1341
NSG1,1546,696,2060,1194
NSG2,6390,3570,9477,7778
NSI1,4284,3258,1748,2291
NST1,3085,450,6033,1398
NTA1,2122,1054,889,874
NTC20,5020,3628,2133,3073
NTE1,4070,2769,1889,2967
NTG1,3901,2537,6027,4489
NTG2,2819,2457,1884,2778
NTH1,769,256,353,428
NTH2,3750,2306,1720,2160
NTO1,841,750,300,471
NUC1,2189,115,1697,784
NUM1,407,531,389,993
NUP100,5268,3126,6177,5656
NUP116,1,0,0,0
NUP120,119,0,41,0
NUP133,291,0,256,0
NUP170,0,1,0,0
NUP188,402,51,80,34
NUP2,596,198,373,163
NUP42,9824,12936,11104,7096
NUP53,1597,948,695,789
NUP60,114,6,43,28
NUT1,3939,715,8827,903
NVJ1,0,2,2,0
NVJ2,3155,1701,1440,1091
NVJ3,181,4,103,49
NYV1,49,6,14,16
OAC1,2754,8897,2039,16926
OAF1,5118,4480,2944,4539
OAF3,14835,5129,10753,12793
OAZ1,7269,611,6884,3900
OCA1,2835,820,4933,925
OCA2,2543,648,4102,840
OCA4,3371,1110,5815,1141
OCA5,6379,5543,6174,2828
OCA6,5765,5839,3526,5895
OCT1,54,16,16,2
ODC1,2,0,0,0
OGG1,3513,1942,2546,2654
OLA1,1199,100,369,74
OM14,1763,1735,880,1226
OM45,4358,3214,1747,1633
OMA1,1102,303,452,426
OMS1,1506,2070,585,2342
OPI10,3640,1211,2214,1142
OPI11,139,2,30,2
OPI3,551,97,308,64
OPI6,130,17,59,16
OPI7,1467,426,459,446
OPI9,1367,143,675,123
OPT1,6228,3758,9813,6404
OPY1,1194,804,621,550
OPY2,1230,771,469,769
ORA1,1113,890,441,755
ORA1|LUG1,551,260,252,144
ORM1,1583,544,3210,1361
ORM2,608,148,388,189
ORT1,82,6,41,16
OSH2,820,218,266,437
OSH3,3344,3580,3277,4294
OSH6,5253,1885,6295,3507
OSI1,2755,1622,1076,1108
OSM1,2084,1714,913,1153
OST3,1944,247,1329,189
OST5,33,2,16,8
OST6,2183,729,1022,555
OSW1,239,20,138,32
OSW2,113,8,32,42
OSW7,4757,3231,2135,2724
OTU1,3108,796,6481,1294
OTU2,3064,1751,3095,922
OXA1,337,22,97,6
OXP1,1405,662,495,487
OXR1,9594,3477,12719,6873
OYE2,688,320,319,157
OYE3,3199,2513,1543,1617
PAA1,2888,1570,2129,1669
PAC1,1476,738,542,1137
PAC10,779,144,1281,270
PAC11,1733,1037,851,1302
PAC2,2776,2144,1178,1737
PAI3,24879,42782,29789,22038
PAL2,1061,249,1847,256
PAM1,3141,2615,2099,2448
PAM17,10433,8641,10577,5406
PAN3,2599,2327,1043,1861
PAN6,577,153,815,178
PAR32,9517,13259,9450,5460
PAU11,4628,2814,5815,5556
PAU17,95,12,160,24
PAU2,808,264,323,56
PAU23,1392,175,1598,613
PAU24,2622,1932,1236,1635
PAU4,21027,59464,29077,63636
PAU7,2759,642,5573,1229
PAU8,7763,2602,10084,2834
PBA1,1940,222,2856,598
PBI2,3643,1436,1021,950
PBP1,873,840,306,601
PBP4,0,0,1,0
PBS2,1920,245,1162,816
PCA1,3013,740,2158,693
PCD1,124,2,92,14
PCH2,5789,4674,6101,6989
PCI8,2322,713,1600,1243
PCL1,3162,2075,1227,1368
PCL7,19499,38741,23111,21688
PCL8,6330,3499,2218,2737
PCL9,1530,830,585,658
PCP1,49,2,18,2
PCT1,1847,1121,733,828
PDA1,4602,444,1378,426
PDB1,2,0,0,0
PDC1,25,2,18,16
PDC5,1593,1430,627,1057
PDC6,398,19,109,106
PDE1,1337,116,906,681
PDE2,3397,2412,2919,2927
PDL32,31000,64118,40060,33577
PDP3,2428,831,1137,559
PDR1,31,0,66,0
PDR10,1444,556,1857,433
PDR11,8491,7305,8485,12281
PDR15,1196,442,347,379
PDR17,3348,1309,1527,1571
PDR18,18028,33490,22326,16114
PDR3,46,0,59,4
PDR5,15693,41766,17577,14822
PDR8,1707,1051,900,946
PDX1,658,122,827,86
PDX3,2605,207,919,219
PEA2,4080,2023,2658,2492
PEF1,672,189,471,214
PEP3,1,0,0,0
PEP4,1108,425,546,205
PEP8,443,74,199,60
PER1,566,0,179,0
PES4,2142,1290,903,1043
PET100,229,20,37,4
PET117,10,0,0,0
PET122,147,16,43,2
PET123,301,191,68,227
PET127,953,332,378,140
PET130,90,62,20,22
PET18,111,8,61,42
PET309,100,12,16,5
PET54,4463,952,1028,656
PEX1,3243,866,1369,509
PEX10,491,20,1001,68
PEX11,1124,743,436,562
PEX12,707,24,188,74
PEX13,197,2,81,18
PEX14,3697,1790,1564,1541
PEX15,993,457,308,687
PEX18,2180,417,4214,674
PEX2,2559,710,1178,452
PEX21,3040,2111,3414,2429
PEX22,2,0,4,0
PEX25,1686,946,749,727
PEX27,1056,646,542,494
PEX28,11337,19202,14274,9625
PEX3,1487,613,963,406
PEX30,1147,148,445,63
PEX31,4159,1689,4673,3575
PEX34,4,0,3,4
PEX35,3242,1266,1331,821
PEX4,844,304,389,220
PEX5,2768,1156,1346,1218
PEX7,684,146,254,239
PEX8,8180,4037,8870,1748
PEX9,1929,1245,786,1017
PFA3,686,38,561,91
PFA5,3725,1319,4387,2870
PFD1,14,0,12,0
PFF1,3024,6298,3549,3296
PFK26,629,219,277,265
PFK27,268,196,118,160
PFS1,2,0,2,0
PFU1,8728,2560,14717,3855
PGM1,163,0,99,20
PGM2,660,102,295,294
PGU1,3894,1908,7283,2884
PHD1,11295,5553,11155,17263
PHM6,4334,2870,4219,3683
PHM7,977,475,474,348
PHM8,3291,8039,2363,15459
PHO13,3302,2227,1508,1929
PHO2,783,22,352,12
PHO23,1438,87,492,64
PHO3,1951,1220,716,926
PHO8,2369,2281,1253,1858
PHO80,3,0,3,0
PHO84,1653,322,774,307
PHO86,1349,189,956,221
PHO87,3807,4529,4029,8564
PHO89,3324,2384,1568,2105
PHO90,2243,659,3148,1020
PHO91,13105,25957,15734,14888
PHR1,4679,5665,4878,3150
PIB1,3040,708,6316,1346
PIC2,919,773,562,802
PIG1,5030,3145,2541,2612
PIG2,4647,2554,3700,2386
PIH1,669,8,1167,6
PIL1,1754,492,3174,774
PIN2,54,4,27,4
PIP2,0,0,2,0
PIR1,1458,1309,613,1119
PIR3,1049,708,438,477
PIR5,2812,1822,3649,4581
PKH1,38,0,62,8
PKH2,262,26,63,4
PKH3,3,2,4,0
PKP1,321,56,258,715
PLB1,1346,1045,513,862
PLB2,18699,29027,22071,15622
PLB3,1082,588,463,407
PLC1,429,142,259,361
PLM2,1585,710,750,560
PLN1,3657,856,7797,1472
PLS1,18146,17463,8936,19368
PMA2,4158,2686,1778,1986
PMD1,2011,777,1884,578
PML1,1414,1290,564,852
PML39,2757,1357,4286,3027
PMP2,2132,1481,943,982
PMS1,7766,5820,12930,5253
PMT1,975,184,378,153
PMT2,2871,1092,1527,917
PMT3,8,2,0,2
PMT5,11018,12669,9796,24011
PMT6,3887,2177,3689,2702
PMT7,3454,2230,1344,1533
PMU1,1,0,0,0
PNG1,4403,1750,9525,3192
PNP1,3560,2656,2789,3076
PNS1,20,2,3,0
PNT1,1471,792,583,713
POA1,2581,1755,1150,1488
POC4,472,0,425,0
POF1,1455,2077,1064,3581
POG1,4418,1987,3672,2839
POL32,1143,352,622,263
POL4,6,2,8,4
POM152,1164,704,566,443
POM34,1259,131,404,396
POP2,102,0,76,0
POP7,0,0,1,0
POR2,1341,1170,638,838
POT1,1211,1065,561,874
POX1,44,2,64,34
PPA2,54,12,24,0
PPE1,2100,995,3047,1649
PPH21,2037,439,3127,484
PPH22,67,0,112,2
PPM1,1091,524,461,265
PPM2,1773,1124,766,751
PPN1,179,35,210,102
PPS1,1528,689,1018,844
PPT1,1432,284,1400,1854
PPZ1,635,77,303,53
PPZ2,1891,1272,1357,1863
PRD1,1001,858,406,724
PRE9,20,0,12,0
PRK1,2336,1538,945,1153
PRM1,2947,1982,1263,1480
PRM10,2542,1610,2577,2618
PRM15,1896,1732,979,1567
PRM2,97,18,63,32
PRM4,912,618,289,318
PRM5,0,0,6,2
PRM6,1919,1131,764,735
PRM7,1247,793,544,639
PRM9,2318,1329,2486,2036
PRR1,1379,348,1905,501
PRR2,4,0,6,0
PRS3,56,0,6,0
PRS5,381,49,136,18
PRY1,1051,381,423,150
PRY2,3994,1060,8222,1898
PRY3,1855,2156,1284,2376
PSD1,1424,443,447,495
PSD2,1591,1871,1260,4280
PSG1,674,237,276,183
PSH1,1157,914,504,1017
PSK1,2801,708,6474,1487
PSK2,3308,1113,4046,1495
PSO2,3574,2252,3537,3603
PSP1,1036,869,384,828
PSP2,769,730,262,386
PSR1,3206,3123,2880,2054
PSR2,5108,3515,2900,2510
PST1,2802,819,962,1350
PSY1,1154,306,2079,717
PSY3,3263,2226,4360,3420
PTC1,61,4,11,2
PTC2,7598,6824,4165,5625
PTC4,1543,1072,684,878
PTC6,3692,865,1661,2588
PTC7,168,0,97,10
PTH1,0,0,2,0
PTH4,1100,812,377,591
PTK1,7677,4501,10183,7527
PTK2,720,122,345,144
PTM1,1174,762,550,626
PTP1,3713,9569,2951,14410
PTP2,1085,611,433,590
PTP3,2003,216,3829,446
PTR2,845,232,277,446
PUB1,1178,78,928,51
PUF2,3247,1200,4801,2113
PUF3,3891,1733,3975,1224
PUF6,572,61,210,28
PUG1,211,0,38,0
PUL4,2571,1082,4705,1563
PUN1,2985,1296,6003,2495
PUS4,5867,2543,7176,3312
PUS5,4875,1677,9508,3918
PUS6,1084,520,499,383
PUS7,188,30,100,55
PUS9,1705,1327,706,981
PUT1,1363,693,526,383
PUT2,4982,2846,6563,2615
PUT3,1530,1307,632,1009
PUT4,1733,1057,738,863
PXA1,1055,642,450,428
PXA2,1022,574,412,387
PXL1,496,426,264,336
PXP1,3524,2659,1474,2079
PXP2,458,167,184,220
PXP3,7158,14788,8627,7528
PYC2,1769,976,726,711
PYK2,1347,636,541,458
PYP1,2739,1473,1422,1064
QCR10,2147,599,3760,1256
QCR7,72,22,26,48
QCR8,88,0,30,0
QCR9,97,0,12,6
QDR1,2181,2582,1595,1576
QDR2,871,153,378,109
QDR3,847,617,342,495
QRI5,83,2,18,0
QRI7,99,0,28,0
RAD10,82,1,28,1
RAD14,109,10,110,22
RAD16,8412,1144,5435,3437
RAD18,872,54,518,38
RAD2,9523,2945,16277,4404
RAD24,24,0,23,0
RAD26,3693,2616,3297,3471
RAD27,1072,153,455,103
RAD28,2519,2213,1044,1834
RAD33,1185,147,2456,247
RAD34,1990,1648,931,1456
RAD4,55778,117384,74647,117652
RAD5,1208,85,590,135
RAD51,2200,25,2092,153
RAD52,775,39,618,24
RAD54,968,151,413,212
RAD55,946,100,438,64
RAD57,1327,251,2526,317
RAD59,2632,1153,4708,3067
RAD61,3261,552,6385,998
RAD7,618,23,142,219
RAD9,439,30,503,191
RAI1,19,0,2,0
RAM1,316,0,277,19
RAS1,2821,11069,2486,19693
RAS2,1212,883,1622,1829
RAV1,775,158,292,158
RAV2,2769,296,1520,511
RAX2,32,6,8,6
RBD2,2124,1453,1140,1160
RBG1,2654,1549,2178,2068
RBG2,1539,792,1381,1255
RBH1,5870,3527,5409,4962
RBH2,5,1,0,1
RBK1,2200,182,994,399
RBL2,949,591,438,544
RBS1,2745,1423,1162,1035
RCE1,2658,2060,1346,1661
RCF1,343,83,121,32
RCF2,81,66,14,26
RCH1,353,64,70,5
RCI37,27616,54650,26746,19842
RCI50,1499,1177,865,1074
RCK1,49,4,55,22
RCK2,216,94,205,413
RCM1,2503,1482,2928,2409
RCN1,2,0,0,0
RCN2,42,2,16,10
RCO1,2497,1892,2690,1598
RCR1,1172,330,2069,584
RCY1,502,6,299,2
RDH54,305,219,120,164
RDL1,1338,1625,778,857
RDL2,5750,10854,4280,15263
RDR1,2601,973,1361,1471
RDS2,1867,1204,743,846
REC104,485,0,629,85
REC114,1202,555,593,364
REC8,891,698,369,749
RED1,2610,2157,1799,2419
REE1,2687,582,4631,565
REF2,74,2,26,0
REG1,1992,4,1932,14
REG2,767,795,342,547
REH1,1117,880,399,735
REI1,445,4,139,0
RER1,1977,712,1170,569
REV3,6146,3544,2391,2512
REV7,41,3,16,18
REX3,2538,2767,1218,2146
REX4,1257,1169,611,1525
RFM1,827,483,307,375
RFS1,719,414,283,284
RFU1,40,0,13,19
RFX1,1488,651,1629,1671
RGA2,1630,837,721,698
RGD1,1489,804,642,578
RGD2,4855,2519,4684,2996
RGD3,1665,1084,1197,719
RGI1,1040,491,957,559
RGI2,1837,193,529,708
RGM1,1390,516,1690,360
RGP1,2647,1308,1029,1038
RGS2,2092,2049,1136,1956
RGT1,831,629,442,621
RGT2,2,0,0,0
RHB1,1220,312,826,196
RHO2,1832,372,3470,836
RIC1,560,274,238,370
RIE1,14435,35287,16365,14650
RIF1,567,290,262,287
RIF2,3715,1252,7733,2463
RIM101,9851,4216,6740,5758
RIM11,1227,633,1257,732
RIM13,2506,1572,696,1438
RIM15,25601,18836,45822,48098
RIM20,3371,712,844,273
RIM21,2236,767,643,335
RIM4,1695,938,4063,1518
RIM9,985,367,172,89
RIP1,47,0,10,0
RKI1,0,0,1,0
RKM1,5064,4241,2089,3118
RKM2,102,6,208,53
RKM3,539,179,245,149
RKM4,3049,399,4465,403
RKM5,906,668,403,868
RKR1,2730,1969,1133,1935
RLF2,0,0,2,0
RLM1,2015,1985,2474,3463
RMA1,1658,461,580,841
RMD1,134,12,46,2
RMD5,2836,427,3407,984
RMD6,5978,14803,5510,35942
RMD9,73,0,13,0
RME1,6402,6396,7177,4693
RMR1,6,2,0,2
RMT2,21,2,4,2
RNH201,2749,913,3001,3418
RNH203,3314,2742,1635,3027
RNH70,8485,3926,14881,8230
RNP1,5604,2231,8701,2761
RNQ1,6,0,0,0
RNR3,7197,13063,7885,25704
ROD1,3696,1314,1553,1617
ROF1,2996,9829,2943,18183
ROG3,2212,1707,910,1239
ROM1,54,7,35,14
ROQ1,4630,3520,5108,6629
ROT2,1589,554,646,453
ROX1,1478,826,853,843
ROY1,3115,1528,1282,1473
RPA12,808,400,326,343
RPA14,1703,236,1041,154
RPA34,1127,1063,587,1960
RPB9,66,0,14,0
RPE1,367,19,145,14
RPH1,119,2,9,0
RPI1,2772,1549,1380,1318
RPL11B,703,35,1457,57
RPL12A,255,10,72,10
RPL12B,1984,37,2488,37
RPL13A,1299,135,605,166
RPL13B,89,0,27,0
RPL14A,229,6,97,0
RPL15B,1918,1475,791,1134
RPL16A,3179,1213,3611,769
RPL16B,253,0,97,0
RPL17B,6183,1852,6653,940
RPL18B,1610,1372,547,1303
RPL19A,65,0,12,0
RPL1A,6813,3326,5731,3932
RPL20A,100,0,14,0
RPL21A,395,0,176,0
RPL21B,1842,40,3215,51
RPL22B,3060,1512,1301,1670
RPL24B,632,165,312,131
RPL26A,795,349,884,377
RPL26B,819,150,376,132
RPL2A,1780,499,840,325
RPL2B,6,0,0,0
RPL31B,1411,1120,874,2051
RPL33B,198,4,115,21
RPL34A,376,46,194,47
RPL34B,2627,197,3143,347
RPL35A,2368,432,900,417
RPL35B,455,11,171,2
RPL36A,988,58,339,37
RPL37B,629,10,211,12
RPL38,2686,1019,4504,1289
RPL40A,1872,323,1180,251
RPL40B,1037,277,367,262
RPL41A,4347,2998,1739,2521
RPL41B,2510,138,5648,152
RPL43A,60,0,16,0
RPL43B,6812,2605,5719,1489
RPL4A,292,22,89,25
RPL6A,1082,5,491,4
RPL6B,883,8,956,8
RPL7B,91,19,266,53
RPL8A,1404,29,2061,55
RPL9A,3590,26,4562,44
RPL9B,0,0,4,0
RPN10,89,0,56,4
RPN13,5597,2482,11841,4199
RPN4,2773,1297,2459,775
RPP1A,296,17,73,90
RPP1B,4077,63,2459,225
RPP2A,2198,399,1498,431
RPP2B,49,0,14,0
RPS0A,1837,131,1865,315
RPS10B,735,23,379,12
RPS11A,2,0,0,0
RPS11B,10,0,19,0
RPS14A,647,152,296,216
RPS14B,8783,12633,9408,7260
RPS16A,450,35,168,40
RPS17A,169,0,40,0
RPS17B,18,0,16,2
RPS18B,2690,247,1121,343
RPS19A,885,38,303,38
RPS1A,1278,133,1671,221
RPS21B,1009,181,780,174
RPS22A,50,7,93,12
RPS22B,2464,196,716,407
RPS24B,8885,14956,12087,45071
RPS25A,1580,125,1211,221
RPS26B,1773,506,1150,603
RPS27A,1899,1045,1465,1271
RPS27B,758,4,432,6
RPS28A,351,92,132,102
RPS28B,2080,96,2482,167
RPS29A,1727,33,2358,55
RPS30A,2642,414,2639,389
RPS30B,3060,661,1807,893
RPS4A,3859,785,1196,612
RPS6A,156,22,26,6
RPS6B,740,14,297,10
RPS7A,86,0,15,0
RPS7B,44,0,18,2
RPS9A,1,0,4,5
RPS9B,196,0,53,2
RQC1,4179,1821,5854,3393
RRD1,152,10,87,40
RRD2,2348,418,3244,437
RRG1,28,0,6,0
RRI1,26,9,23,8
RRI2,2176,393,4649,881
RRM3,1938,442,4311,1029
RRN10,0,0,0,2
RRP8,1571,22,2605,22
RRT12,3348,769,2354,539
RRT13,623,54,186,150
RRT16,1423,603,2907,720
RRT2,669,100,283,76
RRT6,5571,1396,1995,2611
RRT7,3426,11140,2545,21728
RSA3,451,155,137,116
RSB1,74,4,40,6
RSF1,1573,369,500,1015
RSF2,2588,1552,2780,1758
RSM18,32,0,4,0
RSM19,6,0,2,0
RSM22,380,2,80,0
RSM24,25,9,2,39
RSM25,3159,5940,2162,8497
RSO55,1126,56,448,219
RSR1,2339,1809,1731,2383
RTA1,665,306,248,254
RTC1,840,378,246,299
RTC2,1166,719,443,1181
RTC3,591,177,683,307
RTC4,1799,1340,760,1183
RTC5,133,12,349,42
RTC6,6783,16792,5341,29519
RTG2,541,65,1454,60
RTG3,358,59,153,28
RTK1,2086,1487,1637,1767
RTN1,1904,884,830,617
RTN2,3142,2795,1448,2766
RTR1,4824,817,2073,973
RTR2,3736,406,5801,354
RTS1,80,0,60,2
RTS3,5728,3474,2196,2457
RTT10,2887,531,3991,781
RTT101,1295,104,602,60
RTT102,397,10,207,98
RTT103,168,2,53,14
RTT107,882,43,481,60
RTT109,282,6,144,0
RUB1,2,0,2,0
RUD3,1952,681,1239,476
RVS161,307,34,375,60
RVS167,2602,386,1000,866
RXT3,3888,1282,2220,1232
SAC1,163,2,51,0
SAC7,325,0,96,30
SAE2,160,14,100,36
SAE3,4833,4247,1981,3092
SAF1,1096,1429,650,1810
SAG1,1170,236,280,31
SAK1,3324,3754,2051,4307
SAL1,2,0,0,0
SAM1,348,98,169,70
SAM2,5111,3856,2169,3433
SAM3,5508,4070,4976,5966
SAM37,368,0,115,0
SAN1,3094,1453,1508,1298
SAP1,10,0,4,0
SAP185,6842,5027,13369,8653
SAP190,1003,138,1409,281
SAS2,10,0,4,6
SAS4,1820,403,3655,906
SAS5,761,135,194,352
SAT4,3282,1581,5109,2746
SAW1,17274,30113,21675,18196
SAY1,2843,1912,1180,2014
SBA1,2005,1407,1756,1805
SBE2,1618,726,715,572
SBE22,1117,445,1902,519
SBH1,8723,5676,8789,7998
SBH2,550,481,266,332
SBP1,14359,10347,17728,11641
SCJ1,7189,8378,7844,5320
SCM3,0,0,1,0
SCM4,1105,600,481,544
SCO1,1,0,0,0
SCO2,2919,2759,1301,1864
SCS2,3872,1579,2475,1557
SCS22,2664,1077,4440,1534
SCS3,2612,1763,956,1263
SCS7,473,12,163,45
SCW10,1006,463,390,355
SCW4,2975,1602,1216,1361
SDC1,773,228,321,226
SDC25,2001,866,2021,681
SDD1,1407,715,2233,1554
SDD2,2692,2545,1047,2017
SDD3,5650,3929,5803,7145
SDD4,816,136,423,326
SDH1,585,135,137,30
SDH2,1014,636,206,553
SDH5,195,16,81,4
SDH7,1243,462,547,94
SDH8,974,151,591,75
SDH9,9246,7622,4463,5878
SDL1,3187,4671,2485,3205
SDP1,0,1,0,0
SDS24,4405,3055,4362,3788
SDS3,3623,8435,2731,16897
SDT1,45,14,65,50
SEA4,766,181,998,415
SEC22,1043,537,476,516
SEC66,1817,1051,1401,996
SEC72,4058,2581,2187,2406
SED1,8,12,14,8
SED4,2888,3357,1705,4198
SEG1,32,0,10,1
SEG2,2076,1486,892,1417
SEI1,4227,2894,1809,3111
SEM1,0,1,1,0
SEO1,83646,153966,122945,110822
SER1,2668,489,2925,592
SER2,709,52,1557,57
SER3,554,265,251,147
SER33,2617,2189,1173,1558
SET2,5420,3901,7871,1941
SET3,766,505,430,488
SET4,1550,795,568,584
SET5,1328,751,640,619
SET6,2103,1072,905,668
SEY1,589,271,226,180
SFA1,1453,837,555,639
SFB2,4269,6240,4840,3587
SFG1,1163,290,723,373
SFH5,3415,1645,3176,1845
SFK1,4895,15522,4499,25593
SFL1,1553,172,2871,153
SFM1,819,555,399,380
SFT2,1814,1994,1191,2958
SGA1,653,363,312,327
SGF29,1268,220,1112,171
SGM1,1461,426,681,321
SGN1,14611,44947,17680,20981
SGS1,1256,86,444,38
SGT2,2010,944,831,845
SHB17,2,0,0,0
SHC1,1884,1215,823,807
SHE10,1103,264,429,312
SHE2,1410,1121,596,719
SHE3,1295,225,1416,1036
SHE9,202,6,131,0
SHG1,1219,855,610,861
SHH3,528,690,207,497
SHH4,6519,4633,8256,10995
SHM1,414,221,203,153
SHM2,2391,665,948,371
SHO1,9500,7674,10008,14123
SHR5,2,0,0,0
SHU1,10773,16319,13085,9921
SHU2,97,16,40,0
SHY1,120,19,18,6
SIA1,8,2,4,2
SIC1,405,0,148,0
SIF2,1,2,5,0
SIL1,1923,1437,945,1663
SIP18,285,24,77,110
SIP2,2360,4065,1706,7214
SIP3,2402,1232,1280,1254
SIP4,2313,1696,2468,2276
SIP5,3337,6390,1847,3779
SIR1,730,570,436,515
SIR2,1773,1578,1266,2081
SIR3,3182,6457,2664,9908
SIR4,2305,3028,2160,7006
SIS2,1389,267,2210,346
SIT1,3116,915,5876,2983
SIW14,2,0,0,2
SIZ1,951,75,2122,291
SKA1,1769,561,1200,713
SKG1,2,0,0,0
SKG3,1558,167,2747,714
SKI2,425,143,148,138
SKI7,461,84,172,138
SKI8,473,24,165,36
SKM1,4452,3423,4634,5313
SKN1,1481,695,981,683
SKN7,1695,676,1420,959
SKO1,3977,4218,5104,4985
SKP2,1407,560,499,489
SKY1,1051,183,993,381
SLC1,1017,601,289,570
SLF1,2899,1463,1304,1174
SLG1,886,171,361,168
SLH1,2861,1019,1217,657
SLI1,13049,24381,16172,12718
SLI15,0,0,1,0
SLK19,1328,777,675,594
SLM1,1048,552,2429,1004
SLM2,15116,10492,21321,27732
SLM3,186,2,37,0
SLM4,1091,81,1335,201
SLP1,7,5,6,7
SLX1,4891,10769,3884,19867
SLX4,1349,719,508,1005
SLX5,163,0,41,0
SLX8,7077,2199,6746,2068
SLY41,2364,1459,991,1565
SMA1,2096,1180,800,987
SMA2,903,429,610,276
SMF1,1002,775,531,1183
SMF3,2404,702,1814,591
SMI1,5299,1914,3853,2198
SMK1,1655,579,3403,801
SML1,3828,1940,4427,1782
SMM1,592,767,222,437
SMN1,35,8,24,8
SMP1,2243,1130,2091,1498
SMT1,1388,678,987,880
SMU2,2028,1687,1061,1674
SMY1,1845,1524,745,1320
SMY2,1418,34,1691,370
SNA3,3302,2142,4401,3941
SNA4,14912,22468,19953,12447
SNC1,9174,6748,12988,11290
SNC2,82,14,28,4
SND1,9514,17893,10963,10965
SNF11,7046,3101,10144,5612
SNF3,343,193,183,138
SNF7,234,19,62,16
SNL1,3072,1605,5236,2258
SNN1,1367,709,469,489
SNO1,2294,1020,1843,1235
SNO4,814,340,358,246
SNQ2,2540,970,972,846
SNT1,4418,824,3332,1172
SNT2,14363,3923,22611,5279
SNT309,180,2,80,2
SNU66,811,325,285,252
SNX3,1155,619,435,356
SNX4,440,119,133,170
SNX41,1383,660,429,512
SNZ1,108,12,72,43
SOA1,2246,1698,3706,2907
SOD1,1269,6,519,18
SOD2,387,109,156,59
SOK1,453,148,119,68
SOL1,6896,13415,7783,7312
SOL2,1246,73,629,376
SOL3,2963,882,6384,2173
SOL4,3344,1793,5387,2998
SOM1,804,74,215,14
SOP4,44707,283111,85116,224889
SOV1,6,0,0,0
SPC2,829,378,387,326
SPE1,3681,3110,4706,6577
SPE2,1352,619,625,439
SPE4,1057,1049,724,877
SPF1,2,0,0,0
SPG3,20,8,16,2
SPG4,2054,963,781,742
SPG5,3030,1435,2526,1745
SPH1,2279,935,2903,911
SPI1,27021,45057,34223,26218
SPL2,1591,1147,1515,1398
SPO1,2601,2382,1107,1640
SPO11,9080,10759,11524,6193
SPO12,2971,2390,3441,4050
SPO13,115,14,158,44
SPO14,2,0,0,2
SPO16,2288,802,4178,1264
SPO20,4981,3361,3484,3774
SPO21,25682,45538,34170,23686
SPO22,691,236,581,612
SPO23,5627,1856,13494,3689
SPO71,2367,2068,1069,1398
SPO73,689,827,335,739
SPO74,1815,1121,714,796
SPO75,3643,1283,8239,2075
SPO77,1894,840,1911,828
SPP1,2054,685,800,588
SPR1,1224,799,471,668
SPR2,2,0,2,0
SPR28,24,4,10,2
SPR6,4846,1974,7467,2354
SPS1,575,49,95,6
SPS100,3208,3708,6699,6318
SPS2,5412,3693,4663,5010
SPS22,1801,1205,720,1046
SPS4,5,5,0,1
SPT2,16,0,10,0
SPT23,8,0,0,0
SPT3,2,0,0,0
SPT4,531,36,371,48
SPT7,18,0,11,0
SPT8,691,40,173,51
SQS1,0,0,1,0
SRB8,565,5,197,4
SRL1,1105,692,612,527
SRL2,6462,4473,7645,8503
SRL3,2001,1129,842,1030
SRO7,2711,3284,1215,2632
SRO77,15363,28920,20230,21751
SRO9,1307,8,672,50
SRS2,1737,690,828,586
SRT1,946,720,419,548
SRX1,4,2,8,4
SRY1,10647,4968,12392,5730
SSA1,1976,506,3505,840
SSA2,669,204,337,204
SSA4,820,162,194,55
SSB1,1553,851,760,1439
SSD1,1917,40,1375,305
SSE2,763,383,382,318
SSF2,3752,3797,2220,4587
SSH1,8,0,0,0
SSH4,768,552,553,300
SSK1,4867,2257,3448,2240
SSK2,1403,710,940,716
SSK22,925,565,464,518
SSM4,3015,3029,1868,7111
SSN2,1121,231,509,354
SSN8,0,0,8,0
SSO2,1976,1972,949,1638
SSP1,7142,11420,7324,7655
SSP120,1416,1204,665,1124
SSP2,1030,315,398,278
SSQ1,22,0,12,0
SST2,10268,73,13927,316
SSU1,7475,4636,5654,5137
SSZ1,574,8,1340,20
STB1,1735,520,893,366
STB2,2917,1985,1309,1562
STB3,1811,1291,1845,1723
STB4,3131,1778,1181,1303
STB5,131,0,16,6
STB6,4279,2796,1839,2067
STD1,670,235,293,213
STE11,2400,2757,1126,2355
STE12,1,0,0,1
STE13,1558,1157,611,875
STE14,4785,3031,2219,2898
STE2,2075,1480,1015,1211
STE20,10770,10745,13317,4477
STE23,7380,5990,4613,6123
STE24,5354,2636,2771,2157
STE3,1834,937,813,783
STE4,1641,2497,840,1905
STE5,6,0,2,4
STE50,0,3,0,6
STE7,2301,2904,1104,3377
STF2,5342,3815,7271,5934
STI1,1624,735,702,607
STM1,295,33,535,175
STO1,570,54,285,40
STP1,16,4,10,8
STP2,743,371,339,196
STP22,67,0,8,0
STP3,1858,424,2167,442
STP4,2265,1595,927,1381
STR2,558,31,110,159
STV1,7642,4273,8794,5235
SUB1,5794,1486,3436,1705
SUC2,2599,1936,2620,2632
SUE1,177,13,143,32
SUI1,1,0,0,0
SUL1,4069,2338,1826,2124
SUM1,2558,1231,1246,910
SUR2,865,89,2058,433
SUR7,5379,3594,4822,4347
SUS1,1631,22,716,221
SVF1,314,6,50,75
SVP26,829,781,316,470
SVS1,1667,934,608,611
SWA2,1234,95,508,294
SWC3,2177,1221,1399,1910
SWC5,3196,1414,2150,1457
SWC7,13333,10762,13014,16109
SWD1,2289,76,802,351
SWD3,4840,361,2257,375
SWE1,2312,823,2778,1835
SWF1,766,306,499,448
SWH1,1907,126,1144,887
SWI3,2,0,0,0
SWI4,1578,418,724,533
SWI5,0,1,0,0
SWI6,25,0,4,0
SWM2,150,21,63,21
SWP82,1725,637,882,664
SWR1,2748,640,1716,906
SWS2,17,0,0,0
SWT1,1475,1134,708,1129
SXM1,1704,1153,749,940
SYC1,215,40,70,30
SYF2,37,6,38,9
SYG1,599,1293,450,2288
SYH1,5208,1012,3531,1019
SYN8,5429,4345,7947,9030
SYO1,6,0,0,0
SYP1,7339,7915,11841,21630
SYS1,7075,2062,3273,1849
SYT1,2887,815,2628,1082
TAD1,2470,1504,1022,1096
TAD2,0,0,0,1
TAE1,1683,376,2404,391
TAH1,3028,2523,1399,3337
TAL1,2282,1138,850,830
TAN1,1510,425,1969,214
TAT1,392,88,169,77
TAX4,2158,1308,3195,1805
TBS1,5,0,4,4
TCA17,3728,681,5338,1045
TCB1,818,555,376,356
TCB2,2859,1120,3277,2222
TCB3,1811,1244,733,1074
TCD1,767,469,249,509
TCD2,1806,586,929,613
TCM62,40,0,4,0
TCO89,84,2,121,28
TDA1,415,183,218,176
TDA10,576,361,246,249
TDA11,707,574,327,489
TDA2,744,362,459,244
TDA4,2488,1678,927,981
TDA5,2627,1314,1132,1319
TDA8,3315,1075,4715,1915
TDA9,2448,354,1066,276
TDH1,499,166,189,61
TDH2,3142,2476,1983,2577
TDH3,867,227,417,215
TDP1,1360,587,578,510
TEA1,92,8,55,15
TEC1,579,570,372,438
TED1,15224,25670,18142,15245
TEF4,317,8,92,2
TEP1,628,597,241,331
TES1,3097,2104,1173,1659
TEX1,1316,979,661,651
TFC3,831,8,799,95
TFS1,561,573,225,415
TGL1,1593,563,2897,795
TGL2,15087,26993,17783,14258
TGL3,955,492,343,377
TGL4,787,997,347,1734
TGS1,418,22,147,4
THI12,1257,849,529,629
THI2,1042,620,521,396
THI20,324,298,78,143
THI21,2360,1332,1169,1168
THI3,217,4,71,33
THI4,1424,950,732,817
THI6,2492,440,829,866
THI7,863,302,336,303
THI72,8,0,4,0
THI73,1469,785,660,718
THI74,3,4,1,2
THO1,1416,994,577,769
THP2,306,2,39,24
THR1,465,53,227,105
THR4,5181,1623,4401,2568
TIF1,2216,222,3252,937
TIF2,965,532,403,637
TIF4631,1663,190,670,549
TIM11,10693,1456,6747,4131
TIM13,2,0,0,1
TIM21,1037,1099,339,910
TIM8,3299,1970,1686,2056
TIP1,1160,1056,462,699
TIP41,1234,1090,385,619
TIR1,4197,2215,3389,2746
TIR2,1513,1219,699,886
TIR3,10998,27973,10444,57794
TIR4,438,563,182,588
TIS11,2519,925,2511,3503
TKL1,209,29,61,25
TMA10,876,1423,299,1375
TMA108,7317,12920,7858,7133
TMA17,2307,2138,931,1929
TMA19,0,0,4,0
TMA20,1846,681,852,426
TMA22,1182,540,577,407
TMA46,2053,1194,959,944
TMA64,1873,736,857,514
TMC1,983,877,421,652
TMH18,1225,877,462,549
TML25,6,0,0,0
TMN2,3272,2287,2715,2235
TMN3,42398,67554,50478,36583
TMT1,6380,4000,2546,3138
TNA1,6,56,2,123
TOF1,3969,1267,2340,1547
TOG1,13813,8783,6152,6846
TOH1,1695,751,1726,604
TOK1,3457,2887,2066,4088
TOM1,743,35,351,21
TOM6,763,131,312,66
TOM7,912,165,892,442
TOM71,0,0,1,0
TOR1,4052,2223,2827,3642
TOS1,4,0,2,0
TOS2,1,0,0,0
TOS3,3162,1939,4068,2240
TOS4,917,123,354,390
TOS6,2715,2022,994,1750
TPA1,2431,1224,2283,1480
TPH3,4504,3674,2055,2953
TPK1,9282,21563,9485,17247
TPM1,450,8,166,12
TPM2,737,384,280,312
TPO1,2490,1538,1666,1123
TPO4,14436,9241,10801,10253
TPO5,812,756,268,486
TPP1,4175,3366,5892,6872
TPS2,59,10,52,24
TRI1,1170,751,425,559
TRK1,2187,152,3752,214
TRK2,3601,3093,5324,5322
TRM1,1718,791,590,391
TRM10,12549,10954,10578,4570
TRM11,2104,970,1603,1141
TRM12,3261,2935,1764,2468
TRM13,387,283,175,273
TRM2,5247,3191,4718,4481
TRM3,6098,3845,7206,8545
TRM44,0,0,4,0
TRM7,317,50,88,4
TRM732,2973,1660,1192,1360
TRM8,1511,577,630,379
TRM82,6,0,4,0
TRP1,4586,3472,4048,2220
TRP2,672,350,240,227
TRP3,7801,1441,5599,2934
TRP4,270,104,92,59
TRR2,43,2,20,5
TRS33,1498,656,533,665
TRS65,18,2,11,6
TRS85,1528,567,557,574
TRX1,28,0,73,12
TRX2,1521,4349,1476,8980
TRX3,976,687,511,521
TSA1,2012,314,1284,438
TSA2,178,6,75,53
TSL1,809,420,298,278
TSR2,3781,336,2081,412
TSR3,2608,352,1529,249
TUB2,0,0,1,0
TUB3,1015,667,410,511
TUF1,92,2,12,0
TUL1,822,599,308,448
TUS1,1613,442,669,431
TVP15,2246,361,713,786
TVP18,251,0,46,2
TVP38,1073,729,554,655
TVS1,1954,889,1375,1267
TWF1,10005,13995,11356,7575
TYE7,1994,1063,652,789
TYR1,25,6,12,0
TYW1,5224,3747,2443,2827
UBA3,580,61,196,24
UBA4,561,12,406,36
UBC12,3546,2162,2453,2577
UBC4,998,67,561,57
UBC5,1953,1341,836,989
UBC7,4773,5012,1893,3347
UBC8,578,308,222,133
UBP1,2876,869,5699,1746
UBP11,2539,4145,3230,2038
UBP12,2354,787,4028,1296
UBP14,467,257,182,244
UBP2,1318,768,698,556
UBP3,1494,193,673,219
UBP6,1870,435,1054,612
UBP7,3753,1697,2791,3874
UBP8,2062,702,1318,571
UBP9,2535,1289,957,995
UBR1,23,4,4,0
UBR2,3729,2853,1080,2650
UBS1,907,725,362,502
UBX2,434,0,209,1
UBX4,492,78,140,69
UBX5,8088,3962,8271,4739
UBX6,1701,1252,829,1115
UBX7,1908,1534,803,1655
UCC1,2250,849,4128,1476
UFD2,65,2,90,12
UFD4,1391,784,826,596
UGA1,4725,8634,5216,6812
UGA2,655,474,328,452
UGA3,1310,595,511,1164
UGA4,205,56,106,108
UGX2,1834,858,843,668
UIP3,2161,4145,1430,6973
UIP4,0,0,0,1
UIP5,2345,1113,1425,1003
ULI1,6123,1809,8504,3372
ULS1,4150,1245,6984,2133
UME1,1625,554,560,444
UME6,158,0,78,4
UNG1,12072,13431,12840,7241
UPA1,3069,1532,1242,1450
UPA2,6362,710,2080,1611
UPC2,4488,641,3794,4845
UPF3,2584,237,4393,676
UPS1,983,30,540,22
UPS2,1451,455,615,547
UPS3,3128,2378,3564,3829
URA1,7108,461,5066,1358
URA10,1640,1108,650,786
URA2,66,26,64,44
URA4,548,136,194,139
URA5,3685,341,2164,1635
URA8,1672,502,3414,628
URC2,195,25,326,109
URH1,1495,809,578,611
USA1,4755,4673,2316,3428
USV1,1131,745,422,473
UTH1,1452,599,1306,988
UTP30,2842,1419,4467,2309
UTR2,5346,3282,2267,2638
UTR4,2254,1210,1006,934
VAB2,4128,1371,6060,1723
VAC14,884,50,484,38
VAC17,757,116,768,469
VAC7,66,12,17,16
VAC8,6260,624,15408,1454
VAM10,835,181,343,203
VAM3,862,46,653,16
VBA1,4092,11138,2958,18508
VBA2,1959,331,812,704
VBA3,930,630,368,458
VBA4,2394,1721,1535,1300
VBA5,1920,1388,907,1226
VCX1,0,0,1,0
VEL1,5834,3522,5631,4220
VFA1,9116,23891,6278,44461
VHC1,9215,5288,8754,6600
VHR1,8054,16469,6730,33501
VHR2,1183,663,496,456
VHS1,3324,600,6770,1135
VHS2,748,561,465,511
VHS3,604,64,192,100
VID22,2,0,4,0
VID28,32,4,39,10
VID30,1910,962,707,596
VIK1,1373,537,579,382
VIP1,1038,119,349,174
VLD1,979,700,1434,711
VMR1,1684,444,1652,1837
VMS1,2738,296,778,263
VNX1,1748,1165,784,894
VOA1,585,27,781,130
VPR1,7158,13908,8572,7568
VPS1,490,20,195,12
VPS13,1555,77,659,339
VPS16,1,0,0,0
VPS17,780,307,354,385
VPS20,499,2,171,4
VPS24,598,88,420,50
VPS25,672,14,188,12
VPS27,234,12,85,10
VPS29,1562,108,2000,567
VPS30,1456,215,1129,220
VPS35,620,41,409,89
VPS36,580,7,145,7
VPS38,1628,603,874,814
VPS41,20,0,14,6
VPS5,465,63,250,81
VPS501,2851,2097,2189,2023
VPS51,490,27,161,22
VPS52,1538,87,832,132
VPS60,717,329,312,372
VPS61,608,60,169,32
VPS62,3058,2113,3388,2955
VPS63,516,39,203,42
VPS64,18,0,6,0
VPS65,1912,0,956,8
VPS68,1002,229,2486,367
VPS70,2821,806,5777,1550
VPS71,387,8,153,43
VPS73,0,0,2,0
VPS74,980,285,547,238
VPS8,1084,107,1529,414
VRL1,4254,3821,5687,8768
VSB1,2619,2141,1501,2686
VTA1,670,597,291,624
VTC1,1175,749,374,597
VTC2,3449,1951,4483,3117
VTC4,4938,3729,1920,2701
VTC5,1731,1279,656,825
VTH1,4519,2169,1839,1632
VTS1,2503,298,930,182
VVS1,5234,2889,7297,5184
WAR1,396,121,245,202
WHI4,13952,24485,6854,22561
WHI5,2856,2538,1720,4455
WSC2,4151,7520,2832,11843
WSC3,22877,41809,28458,23282
WSC4,24389,12450,24284,17803
WSS1,319,43,147,47
WTM1,2582,2004,3572,3108
WTM2,2232,476,3126,776
WWM1,3487,4235,2259,5889
XBP1,3782,5858,3550,16284
XDJ1,2824,440,1307,932
XKS1,427,201,210,152
XPT1,3668,2718,1503,2410
XRS2,164,0,32,0
XYL2,2628,1710,3634,2734
YAF9,1592,241,1278,283
YAK1,1851,1135,2640,1775
YAL004W,3597,1187,7039,2523
YAL016C-B,40,0,11,8
YAL037W,4650,3732,4713,4466
YAL043C-A,535,20,412,139
YAL045C,2715,621,4840,861
YAL056C-A,1348,166,1261,138
YAL058C-A,7,1,8,0
YAL065C,17147,8525,22071,9311
YAL066W,11931,9953,11804,15333
YAL067W-A,5,0,3,2
YAP1,3445,594,7461,851
YAP1801,5266,1772,11350,3568
YAP3,2685,2365,2809,4397
YAP5,14877,26464,18262,12874
YAP6,6813,3556,13723,6237
YAP7,1631,1546,764,1227
YAR030C,2230,835,2695,1691
YAR035C-A,25595,39882,32366,51893
YAR037W,3671,880,7997,1680
YAR040C,20889,32866,26955,18218
YAR043C,5881,5633,5008,6378
YAR044W,3584,2482,4341,3332
YAR047C,3906,2125,5878,3868
YAT1,1346,444,2485,583
YAT2,1683,1748,686,2091
YBL008W-A,4035,278,1475,1724
YBL028C,0,0,0,1
YBL029C-A,50200,17439,43936,33982
YBL071C-B,6746,545,2153,824
YBL094C,0,0,0,1
YBL096C,586,83,881,339
YBL100C,2,0,0,0
YBL101W-C,1619,41,302,352
YBP1,2007,1033,2498,1521
YBR012C,1700,1897,3252,1586
YBR013C,1164,956,528,741
YBR016W,2985,2317,1373,1738
YBR027C,1028,694,474,510
YBR032W,26,16,20,57
YBR051W,1133,877,510,611
YBR053C,697,467,293,267
YBR062C,626,490,245,518
YBR064W,1633,336,2046,495
YBR071W,448,510,203,398
YBR072C-A,11762,8714,7433,6592
YBR075W,634,536,319,481
YBR085C-A,4772,305,3991,998
YBR090C,2966,2130,993,1381
YBR099C,6507,3332,7030,1969
YBR100W,3616,1636,3625,2115
YBR113W,296,61,257,131
YBR116C,1451,1023,677,920
YBR134W,1354,1212,880,1141
YBR137W,1074,724,443,472
YBR138C,5541,15460,4590,27495
YBR174C,463,16,369,24
YBR178W,160,12,112,69
YBR182C-A,11810,776,15136,8981
YBR184W,1756,950,710,717
YBR196C-A,0,0,2,0
YBR197C,3151,2309,2093,2849
YBR200W-A,61119,96880,67788,53784
YBR206W,4155,1633,9245,2623
YBR220C,3177,421,4930,1302
YBR224W,2610,1995,1710,1951
YBR225W,2062,390,3292,216
YBR226C,1095,396,1138,536
YBR232C,1745,1153,784,885
YBR238C,1963,129,2730,93
YBR242W,4901,1485,8896,2830
YBR259W,3782,1080,8394,2082
YBR277C,2186,278,1863,243
YBR284W,2382,852,1550,735
YBR285W,1799,1061,779,759
YBR287W,984,692,410,588
YBR292C,8977,4133,10780,6837
YBT1,1702,1520,715,1201
YCF1,1925,833,807,930
YCH1,1215,909,562,844
YCK1,813,191,561,239
YCK2,5066,1617,6922,2770
YCK3,1449,698,611,480
YCL001W-B,7436,6117,4589,4752
YCL006C,5463,2461,5321,4227
YCL012W,1509,2436,1559,1334
YCL013W,691,367,337,247
YCL021W-A,35914,26363,47923,59659
YCL022C,1400,1158,579,783
YCL023C,752,400,269,228
YCL026C,1445,1202,1784,2680
YCL046W,1706,1154,817,863
YCL049C,797,365,349,309
YCL062W,995,198,893,400
YCL074W,2781,1550,4458,2058
YCL075W,5277,10878,4013,20643
YCL076W,2967,1231,1793,910
YCP4,74,4,12,0
YCR001W,397,132,154,228
YCR006C,19,2,8,0
YCR016W,2281,1164,865,792
YCR022C,112,68,18,22
YCR023C,2099,2422,978,2028
YCR025C,1088,129,609,212
YCR043C,4083,1391,6209,3380
YCR049C,5030,4418,4111,5806
YCR050C,1833,411,1413,400
YCR051W,1288,629,511,443
YCR062W,281,0,61,30
YCR085W,1758,338,1351,270
YCR087C-A,1905,419,1182,283
YCR087W,1836,563,1225,428
YCR102W-A,1714,1277,763,919
YCT1,3387,870,3928,2952
YDC1,15633,29841,17265,14644
YDL009C,345,40,179,69
YDL011C,861,922,392,623
YDL012C,1923,1198,798,683
YDL023C,248,26,126,41
YDL026W,13229,29712,14199,15878
YDL032W,55,0,8,0
YDL038C,1314,1078,482,868
YDL041W,2831,1993,1799,2357
YDL050C,548,61,91,217
YDL057W,176,2,44,2
YDL071C,2018,1006,807,756
YDL085C-A,3,0,0,0
YDL086W,2731,2193,1077,1808
YDL094C,14,0,0,0
YDL109C,6088,4003,9266,6696
YDL114W,1818,428,703,635
YDL118W,1020,28,941,14
YDL124W,1183,598,387,789
YDL144C,45,2,52,2
YDL159W-A,19186,6617,28949,11200
YDL162C,1020,48,259,215
YDL172C,1251,609,488,293
YDL177C,1618,1123,646,1102
YDL186W,1562,835,659,663
YDL187C,22875,52526,28838,26765
YDL199C,3588,2514,1643,1946
YDL211C,3769,1434,8424,2526
YDL218W,4659,2995,7725,4839
YDL241W,2881,2473,1248,2083
YDL242W,5117,2145,4220,2979
YDR003W-A,1867,29,692,468
YDR008C,116,2,30,0
YDR010C,2909,1630,1065,1117
YDR015C,5162,3577,4191,4189
YDR018C,5911,1807,8522,4087
YDR029W,3393,3354,1371,2965
YDR034W-B,50,2,38,2
YDR042C,288,47,66,15
YDR048C,1148,103,680,79
YDR061W,4256,1547,5988,1561
YDR094W,327,10,67,49
YDR095C,3087,2472,2128,1849
YDR102C,2255,1529,920,977
YDR109C,4478,2274,3908,2275
YDR124W,2609,1664,1077,1206
YDR131C,4427,2901,1895,2333
YDR133C,2363,1177,1249,901
YDR149C,773,115,467,83
YDR154C,4800,2657,6485,4463
YDR157W,202,21,424,87
YDR169C-A,18,0,29,5
YDR182W-A,13,0,8,2
YDR194W-A,9730,8016,8536,13090
YDR203W,48,4,16,10
YDR210W,4002,1180,8733,1858
YDR220C,3,2,2,5
YDR222W,364,14,84,137
YDR230W,122,94,35,20
YDR239C,381,217,202,163
YDR246W-A,7531,3796,8308,7406
YDR248C,3520,2800,2109,2225
YDR249C,2,0,0,0
YDR250C,3462,1165,7276,2101
YDR262W,7933,4597,7921,6531
YDR269C,2995,478,1110,371
YDR271C,2652,283,943,913
YDR278C,1629,412,2494,632
YDR290W,8985,4115,8901,3346
YDR338C,3193,2557,1691,3211
YDR344C,2789,1947,1256,1516
YDR391C,2827,1525,1115,1332
YDR415C,4089,1712,3438,2285
YDR417C,1901,48,1865,46
YDR426C,2617,1074,2906,1315
YDR431W,760,183,448,75
YDR444W,4410,1367,10176,2233
YDR445C,4169,1433,9338,2552
YDR455C,564,13,242,18
YDR476C,43,23,29,20
YDR491C,540,20,199,133
YDR509W,1413,1238,640,1012
YDR524C-B,475,0,75,73
YDR524W-A,2752,266,1016,699
YDR537C,1895,721,752,490
YEA4,6537,21746,6199,43490
YEA6,2871,1260,2686,1028
YEF1,1822,995,684,788
YEH1,3799,1852,4629,2535
YEH2,1334,425,603,367
YEL008W,1442,152,513,247
YEL010W,140,2,44,28
YEL014C,1521,784,609,507
YEL023C,3915,3125,1653,2726
YEL025C,588,150,569,132
YEL028W,1913,1067,873,782
YEL045C,138,0,45,0
YEL067C,3006,1881,1341,1341
YEL068C,7747,18747,5956,33710
YEN1,479,745,199,692
YER010C,1788,826,745,591
YER034W,1036,685,440,589
YER046W-A,2,0,0,0
YER053C-A,83,8,41,28
YER066C-A,25,0,16,4
YER067C-A,1654,1639,761,1276
YER068C-A,1889,936,908,956
YER079W,1602,601,2393,808
YER084W,610,82,233,92
YER087C-A,858,568,339,317
YER097W,9181,4054,7812,8618
YER108C,3110,2132,1567,1891
YER121W,3866,2554,1681,1812
YER134C,4945,3039,5875,2676
YER135C,2572,2190,1149,1590
YER137C,4899,3377,6878,7618
YER152C,1297,1005,597,998
YER158C,4841,3579,1940,3062
YER175W-A,88,8,36,22
YER181C,11627,7915,4841,5439
YER186W-A,19970,15208,9749,17611
YER187W,32551,25699,32847,38808
YET1,8,0,0,2
YET2,1686,1337,654,1082
YFH7,3652,1699,3981,1910
YFL006W,2301,342,1868,368
YFL012W,2351,1531,957,1099
YFL013W-A,824,553,369,398
YFL015C,2262,1243,1341,956
YFL019C,1225,651,622,608
YFL032W,4216,1221,3267,3425
YFL040W,2418,2249,1120,1717
YFL041W-A,67,6,32,86
YFL043C,3699,920,7391,1216
YFL051C,3033,2781,1421,2770
YFL063W,7750,4194,3602,3076
YFR006W,1857,1314,934,1091
YFR012W-A,3976,2630,2902,1903
YFR018C,2629,1935,1247,1533
YFR024C,7956,18945,6217,35392
YFT2,4584,1491,4091,3312
YGK3,538,207,181,305
YGL006W-A,5570,5223,3544,4883
YGL041C-B,3347,1230,3294,1819
YGL088W,417,18,139,47
YGL108C,9,0,4,0
YGL109W,0,0,0,4
YGL114W,2079,1230,890,1008
YGL118C,0,0,0,1
YGL132W,561,27,109,75
YGL138C,548,30,75,216
YGL140C,17504,3649,29255,6305
YGL149W,1646,425,641,277
YGL152C,3283,1841,1471,1381
YGL159W,8108,6906,3303,5877
YGL165C,3300,2743,1340,1989
YGL176C,14388,5655,23287,9087
YGL177W,3970,2581,1606,2235
YGL199C,4459,2930,2088,2141
YGL214W,1938,536,1429,524
YGL217C,1832,573,1893,634
YGL218W,265,0,88,0
YGL230C,3347,1703,1416,1167
YGL235W,4402,2797,2762,2479
YGL242C,1915,1132,825,896
YGL260W,1541,551,1118,555
YGL262W,1485,1214,567,914
YGP1,137,0,26,0
YGR011W,4261,3869,3308,3848
YGR016W,2798,1566,5114,3351
YGR018C,1093,353,411,298
YGR022C,6515,4957,5229,4561
YGR025W,5601,4687,4211,4441
YGR026W,57,23,27,27
YGR035C,1292,837,569,509
YGR035W-A,2148,1058,2667,1231
YGR039W,1317,868,497,603
YGR045C,6669,12144,7664,6779
YGR050C,5242,4647,4494,4241
YGR051C,2824,2542,2049,1851
YGR054W,4019,3407,3894,4152
YGR064W,469,59,320,96
YGR067C,1048,696,392,621
YGR069W,758,80,212,237
YGR079W,2201,1575,2883,2433
YGR107W,1742,667,2355,716
YGR111W,1090,80,847,96
YGR117C,1194,1127,900,1524
YGR121W-A,22,0,10,6
YGR122C-A,3332,2336,1599,2313
YGR122W,1384,366,370,171
YGR126W,994,737,397,637
YGR127W,193,82,104,48
YGR130C,4,0,4,2
YGR137W,157,20,56,52
YGR139W,5638,3792,2734,3009
YGR146C-A,12371,1619,6946,5135
YGR151C,4000,2355,3753,3567
YGR160W,146,0,44,0
YGR164W,12,0,4,0
YGR176W,918,532,1360,1333
YGR182C,2270,868,882,547
YGR201C,1242,39,714,314
YGR204C-A,10267,6672,14432,15207
YGR210C,992,488,400,366
YGR219W,2548,214,608,240
YGR259C,6355,2677,13732,4744
YGR266W,8175,3009,13656,5725
YGR269W,87,18,26,22
YGR273C,2627,1842,1059,1377
YGR291C,3997,3131,1693,2261
YHI9,2282,1208,3922,2674
YHK8,2394,1593,2024,2050
YHL005C,160,4,16,3
YHL008C,5848,3043,6756,2902
YHL012W,3595,8404,4091,4936
YHL015W-A,13013,1426,11895,5613
YHL017W,8904,15906,10912,8890
YHL041W,6,0,2,0
YHM2,739,596,315,379
YHP1,1020,528,358,460
YHR007C-A,9491,6811,11839,11887
YHR022C,1571,405,2224,784
YHR022C-A,342,22,264,281
YHR033W,32680,59441,41207,30894
YHR049C-A,1790,630,3934,1097
YHR050W-A,12,0,4,4
YHR078W,4630,2721,6143,2255
YHR086W-A,11230,4207,12103,5540
YHR095W,2536,1945,2323,2043
YHR112C,273,16,413,108
YHR125W,1589,488,2871,1067
YHR127W,1053,1043,465,799
YHR130C,15702,24690,18148,15073
YHR131C,199,24,65,180
YHR138C,1304,1108,1242,1375
YHR139C-A,1398,736,2953,1369
YHR140W,1433,577,582,1010
YHR180W,624,163,258,217
YHR210C,24,2,51,16
YIA6,18329,22621,24811,11640
YIH1,2786,1638,2756,2079
YIL001W,6993,2433,16451,4821
YIL012W,5834,15529,5003,27692
YIL014C-A|YIL015C-A,39346,57661,49973,39246
YIL024C,2,0,2,0
YIL025C,1,0,0,0
YIL028W,45312,22294,47645,57514
YIL032C,8668,8350,13645,30372
YIL046W-A,3458,544,2100,2368
YIL054W,7684,13228,6635,24715
YIL055C,7387,16312,7791,36782
YIL058W,10,4,0,4
YIL059C,5515,2190,3632,4630
YIL060W,9413,2977,20465,4897
YIL067C,1815,1320,820,1076
YIL086C,39884,210805,62522,183896
YIL089W,6566,4980,9436,10529
YIL092W,16693,27558,21035,14360
YIL100W,8,0,2,2
YIL102C,2478,2473,971,1453
YIL108W,1171,799,544,536
YIL134C-A,4112,110,2175,1984
YIL141W,1193,1049,416,743
YIL163C,1515,1569,673,1643
YIL165C,20,50,4,28
YIL168W,10532,18539,12862,9886
YIM1,274,38,166,90
YIM2,77,10,8,0
YIP3,1454,953,768,889
YIP4,834,25,783,188
YIP5,6049,2251,9412,3055
YIR016W,40800,79074,47959,40459
YIR018C-A,4,4,9,1
YIR020C,885,171,508,478
YIR020W-A|YIR020W-B,4032,1841,4741,2926
YIR021W-A,4424,3033,2121,2011
YIR042C,3944,2224,2535,1486
YIR043C,2168,1297,840,893
YJL007C,1511,972,591,697
YJL012C-A,24,4,20,8
YJL017W,0,0,0,2
YJL021C,1269,559,511,405
YJL027C,155,0,28,0
YJL028W,2,0,0,0
YJL043W,6583,4627,2757,4020
YJL047C-A,55055,81553,68349,97465
YJL064W,111,24,80,11
YJL067W,241,35,133,59
YJL068C,4897,5584,5409,2401
YJL070C,1301,1369,591,1262
YJL077W-B,3669,347,3971,2801
YJL107C,1121,775,482,503
YJL118W,1218,785,517,641
YJL119C,1803,1446,786,979
YJL120W,177,4,44,0
YJL132W,6192,3695,4356,3995
YJL135W,2677,990,4650,1437
YJL136W-A,18223,1979,10047,7376
YJL150W,4062,2759,6526,4735
YJL152W,2227,471,5045,859
YJL169W,2768,371,6245,358
YJL175W,121,0,34,0
YJL182C,3652,930,8215,2032
YJL193W,2288,1431,1184,1249
YJL206C,23990,46299,28684,25862
YJL211C,3112,1738,1439,1223
YJL213W,3600,4987,4396,2844
YJL215C,7302,3267,10459,5542
YJL218W,5837,3156,7464,7395
YJR015W,3250,1928,5684,2120
YJR020W,3049,2369,1284,1458
YJR026W,2352,844,1056,802
YJR037W,6134,5534,3024,4038
YJR038C,5588,4803,2368,3302
YJR056C,1382,464,579,340
YJR084W,3337,3116,1486,3036
YJR087W,1859,1735,766,1299
YJR096W,1662,1521,1269,1972
YJR098C,4946,13883,4160,25177
YJR112W-A,0,0,1,0
YJR115W,844,385,278,283
YJR124C,7052,2440,11058,5171
YJR128W,8764,4646,7645,6899
YJR142W,9333,7248,13179,15206
YJR146W,1810,1618,682,2079
YJR151W-A,4849,2096,7279,2444
YJR154W,14,2,9,4
YJU3,2568,1964,2760,4413
YKE2,27,0,6,0
YKE4,9021,18838,10118,42235
YKL030W,5468,3566,8623,8654
YKL031W,481,29,161,147
YKL033W-A,2247,508,986,887
YKL053W,5130,1181,3632,1014
YKL063C,1471,1135,622,756
YKL066W,4118,2887,1942,2969
YKL068W-A,0,0,6,0
YKL069W,6,0,18,0
YKL070W,2064,1042,897,826
YKL091C,1176,620,485,460
YKL096C-B,1596,12,727,22
YKL097C,1990,1724,796,1347
YKL102C,1768,1581,733,1327
YKL106C-A,4,0,2,0
YKL107W,294,5,84,51
YKL123W,1640,1400,668,1174
YKL131W,1585,410,618,523
YKL136W,1446,959,611,509
YKL147C,4197,2771,3879,3533
YKL162C,1334,719,500,685
YKL162C-A,4628,1853,6446,2118
YKL177W,1205,1048,502,794
YKL199C,28430,47694,32035,26032
YKL200C,6,0,8,10
YKL202W,3195,1588,5152,3473
YKL222C,21630,37079,26501,19628
YKR005C,324,45,100,121
YKR011C,9007,6250,15393,12173
YKR012C,3659,1484,7521,2337
YKR015C,4667,2378,7974,3374
YKR018C,4,0,2,2
YKR032W,1,0,0,0
YKR033C,29006,51770,32819,32395
YKR040C,5661,1795,4285,4474
YKR041W,3086,641,3973,1502
YKR045C,3699,1570,7599,3373
YKR047W,2115,1887,862,1755
YKR070W,2412,1663,1087,1253
YKR075C,3044,1208,4680,1285
YKR104W,987,410,350,323
YKU70,1014,1170,416,667
YKU80,1133,730,519,521
YLF2,1337,884,2631,1486
YLL017W,1583,623,2034,643
YLL020C,5062,857,10128,1844
YLL032C,2845,1679,1973,1551
YLL044W,2735,3881,1600,5533
YLL047W,3488,2661,1635,2094
YLL053C,3261,2895,1577,2280
YLL054C,3560,2392,1542,1906
YLL056C,280,29,690,79
YLL059C,12,0,4,0
YLR001C,1515,1139,712,859
YLR012C,1214,634,704,605
YLR030W,1330,1371,590,1109
YLR031W,1635,780,708,654
YLR036C,569,102,187,252
YLR041W,4087,1807,4830,2987
YLR046C,2650,835,1011,1228
YLR108C,927,80,497,362
YLR111W,21,0,6,0
YLR112W,2065,1499,846,1099
YLR122C,2247,1532,982,1169
YLR123C,2230,1385,2069,1302
YLR124W,3465,2385,1575,1623
YLR126C,1677,1143,2051,2210
YLR152C,3079,1702,1482,1434
YLR169W,3240,3132,1349,2611
YLR171W,3582,3440,1688,2959
YLR177W,970,138,450,158
YLR179C,506,486,209,624
YLR184W,1,2,0,0
YLR217W,1450,644,705,707
YLR225C,774,215,278,392
YLR235C,418,12,137,4
YLR236C,3597,6124,2484,10784
YLR252W,1249,860,545,546
YLR255C,2009,1205,2192,1865
YLR269C,602,13,296,248
YLR278C,2175,1931,755,871
YLR279W,8663,6290,9142,9028
YLR280C,2435,1729,1248,1201
YLR282C,844,596,249,462
YLR282C|PUT7,1736,623,3380,1083
YLR287C,1065,516,510,485
YLR294C,835,90,207,43
YLR296W,1168,648,483,465
YLR297W,118,6,50,22
YLR311C,2654,1667,1773,2016
YLR312C-B,99,88,33,117
YLR326W,4349,8655,3352,13722
YLR334C,4,0,4,0
YLR342W-A,10235,6278,4449,5332
YLR345W,767,515,305,265
YLR349W,679,227,296,154
YLR358C,583,15,324,10
YLR361C-A,21987,16426,28115,24829
YLR363W-A,5559,2741,5112,3562
YLR366W,2044,724,724,481
YLR374C,1574,301,1470,592
YLR391W,4963,1872,1860,1119
YLR400W,1417,1204,554,911
YLR402W,2633,172,5192,478
YLR406C-A,9715,1315,20036,2299
YLR407W,791,717,469,503
YLR412C-A,3951,2514,1553,1799
YLR415C,2642,908,3981,870
YLR416C,1172,895,1063,595
YLR428C,5755,4233,2407,3149
YLR434C,7552,3239,3249,2333
YLR444C,5120,1176,8246,1609
YLR456W,10835,14379,13613,11086
YLR460C,4128,2025,8091,4718
YMC1,1366,1056,1222,1684
YMC2,12736,6467,31382,6605
YMD8,3740,2022,4430,4591
YME2,1104,761,499,759
YML003W,1124,1025,450,587
YML009C-A|YML010C-B,975,34,439,35
YML009W-B|YML010W-A,76,0,34,0
YML018C,1581,141,379,521
YML020W,1575,1194,649,906
YML033W,18780,8980,18536,7837
YML034C-A|YML035C-A,1397,1346,647,1913
YML037C,3751,2318,1608,2001
YML048W-A,3858,259,4868,1254
YML053C,1372,777,512,538
YML054C-A,4449,3280,2011,2461
YML057C-A|YML058C-A,983,616,385,518
YML082W,3135,1546,4505,2928
YML083C,4560,5009,2772,3758
YML084W,7234,5836,2837,4174
YML089C,1205,712,442,286
YML090W,456,184,127,83
YML094C-A|YML095C-A,406,21,139,13
YML096W,847,423,379,216
YML100W-A,1567,1551,775,1748
YML108W,636,297,263,314
YML117W-A,1266,683,520,645
YML119W,1518,576,537,269
YML122C,890,497,393,251
YML131W,857,480,334,297
YMR001C-A,1078,591,657,462
YMR007W,5688,4066,3764,5045
YMR013W-A,5925,3343,2990,3155
YMR027W,657,266,202,178
YMR052C-A,3770,2245,1748,2538
YMR057C,3915,2404,1641,1424
YMR075C-A,1309,860,1701,553
YMR082C,3951,3510,4593,6807
YMR084W,111,13,42,6
YMR085W,5759,1715,11870,2903
YMR086C-A,6853,3980,7621,5432
YMR090W,4881,3561,5794,5993
YMR099C,1019,391,813,615
YMR1,31,6,33,20
YMR105W-A,53965,85471,87733,58027
YMR114C,1497,1052,646,757
YMR119W-A,1399,803,721,617
YMR122C,1126,493,474,417
YMR135W-A,10104,5429,10298,4191
YMR141C,2415,913,923,953
YMR153C-A,2000,993,733,770
YMR155W,1700,885,877,768
YMR158C-A|YMR158C-B,3753,931,8696,1736
YMR158W-A,2531,1032,1053,516
YMR172C-A,1418,1139,605,746
YMR173W-A,1557,782,724,605
YMR175W-A,7979,16378,6703,26152
YMR181C,1417,186,553,394
YMR187C,7726,5344,3527,4025
YMR193C-A,1008,60,371,44
YMR194C-A,3745,1453,5937,1887
YMR196W,2317,1316,925,918
YMR206W,1041,801,416,596
YMR209C,804,559,287,366
YMR230W-A,12288,9742,17369,16223
YMR242W-A,1134,2,441,4
YMR244W,1056,430,439,345
YMR245W,984,309,276,303
YMR247W-A,23229,36940,26067,21195
YMR253C,2538,1959,1156,1540
YMR265C,1109,954,438,696
YMR272W-B,2649,1512,1160,1074
YMR294W-A,954,547,504,386
YMR295C,105,63,85,182
YMR304C-A,6640,3779,6414,5161
YMR306C-A,1317,675,547,560
YMR315W,541,316,275,261
YMR315W-A,9813,3192,14104,4739
YMR316C-A,86,8,26,34
YMR316C-B,2311,253,626,642
YMR317W,7590,2196,16124,3501
YMR320W,2996,1994,1343,1515
YMR326C,1184,21,1364,111
YND1,4378,2745,2613,2254
YNG1,1237,913,489,583
YNK1,3609,1586,2723,1441
YNL011C,13,2,6,10
YNL013C,536,52,355,201
YNL028W,5606,9884,5220,5896
YNL034W,643,402,260,311
YNL035C,481,332,210,265
YNL040W,6827,13265,6563,4177
YNL042W-B,15300,13520,17914,25004
YNL043C,911,581,374,382
YNL050C,1025,495,434,360
YNL057W,1388,987,747,727
YNL058C,1499,104,393,280
YNL067W-B,12100,1040,11652,2305
YNL089C,4055,2767,1688,3050
YNL092W,714,258,491,300
YNL095C,24250,185052,40301,155217
YNL108C,599,191,256,142
YNL109W,1586,41,3314,93
YNL115C,918,979,389,1451
YNL120C,616,18,676,31
YNL134C,3689,1913,2170,2160
YNL140C,868,170,554,150
YNL143C,13270,15565,15834,8019
YNL144C,302,34,506,169
YNL146C-A,6101,4737,3227,3811
YNL146W,686,537,421,325
YNL162W-A,10821,5566,10601,8545
YNL165W,10119,5280,21517,12458
YNL171C,1295,11,634,16
YNL194C,0,0,0,1
YNL266W,8917,7175,4136,5919
YNL276C,8256,2846,20667,4405
YNL277W-A,101,2,67,18
YNL285W,233,127,94,181
YNL303W,763,496,354,306
YNL319W,882,19,654,29
YNL320W,3556,1210,7499,2073
YNL324W,1008,399,489,343
YNR005C,3734,1809,4075,967
YNR014W,1442,911,609,853
YNR025C,8650,10146,9369,5421
YNR048W,6229,3735,5651,4877
YNR061C,4181,2843,5898,6870
YNR064C,1832,1621,769,1155
YNR065C,1761,1531,793,1209
YNR066C,1260,1069,570,736
YNR068C,2547,6095,2446,12723
YNR071C,2215,1228,991,887
YOL013W-A,4642,1407,5704,2386
YOL013W-B,7280,7852,5661,11259
YOL014W,510,366,206,250
YOL019W-A,13029,9000,15922,16518
YOL024W,26,33,11,57
YOL029C,3573,2698,1636,2000
YOL035C,1089,1636,641,2034
YOL036W,2366,157,2050,332
YOL037C,1080,299,458,279
YOL038C-A,5082,4260,3017,3968
YOL046C,2495,1061,1120,933
YOL057W,1123,200,405,396
YOL075C,850,729,399,533
YOL079W,721,477,379,383
YOL085C,1678,1130,733,1120
YOL097W-A,3723,1686,1657,1425
YOL099C,2303,1688,1092,1193
YOL106W,5784,1585,12546,2571
YOL107W,2405,2006,1048,1649
YOL118C,1986,298,2767,530
YOL131W,360,278,149,172
YOL150C,5506,1713,9019,2111
YOL153C,22,2,10,26
YOL159C-A,8074,4737,7765,8348
YOL160W,190,2,52,44
YOL162W,1587,885,1129,926
YOL163W,1751,629,723,504
YOL164W-A,13555,9308,17510,17220
YOP1,1891,776,3054,1974
YOR008C-A,17883,10821,7421,8608
YOR012W,1861,1087,711,843
YOR015W,1306,916,714,789
YOR024W,1958,1503,1316,1517
YOR029W,928,703,483,490
YOR034C-A,8785,6018,6186,6644
YOR041C,1426,931,785,847
YOR053W,2007,1154,1273,1375
YOR062C,2639,1806,932,1685
YOR072W,1469,831,622,466
YOR082C,1154,1402,787,2867
YOR088W,2488,1398,1125,935
YOR097C,2129,1204,966,1316
YOR105W,1700,849,561,1210
YOR111W,5390,2613,6100,3861
YOR121C,971,155,427,577
YOR131C,847,1429,361,1432
YOR139C,84,8,141,4
YOR161C-C,1068,97,813,282
YOR186W,22,2,9,8
YOR225W,1906,1044,3052,1203
YOR238W,1949,1680,904,1082
YOR240W,1155,534,460,441
YOR248W,1296,1138,706,1341
YOR263C,810,857,370,1118
YOR268C,1249,782,603,490
YOR277C,543,150,237,102
YOR283W,478,251,189,179
YOR289W,2431,1625,1102,1144
YOR292C,198,3,114,49
YOR293C-A,21927,29267,19343,25360
YOR296W,854,414,269,257
YOR300W,8587,6447,4566,5701
YOR302W,6681,4844,3098,3662
YOR309C,1874,215,1477,177
YOR314W,97,16,94,80
YOR318C,463,53,109,234
YOR325W,2075,962,838,804
YOR333C,121,10,28,6
YOR338W,726,58,144,235
YOR342C,1743,2673,1154,4252
YOR343C,1498,802,676,593
YOR345C,4019,3093,1596,2039
YOR364W,20112,3796,25356,16430
YOR365C,1761,1316,1146,1116
YOR366W,315,33,221,111
YOR376W,608,33,306,71
YOR376W-A,76055,143602,97362,79043
YOR379C,1298,387,480,519
YOS9,2116,642,638,626
YOX1,194,1,105,26
YPC1,1771,1337,683,1164
YPF1,1347,1413,1018,1344
YPK2,1063,723,453,518
YPK3,830,317,415,273
YPL034W,3420,2577,1276,2184
YPL038W-A,38889,26531,37734,40494
YPL071C,1866,1438,2541,3729
YPL073C,5,3,6,13
YPL077C,1827,450,3133,1742
YPL088W,60,8,67,34
YPL102C,2488,44,2984,72
YPL108W,4,0,0,0
YPL113C,2446,2008,838,1595
YPL119C-A,23608,13415,14938,11668
YPL136W,1989,634,1084,591
YPL150W,2817,973,4950,1436
YPL152W-A,21941,16154,10405,13254
YPL162C,3440,847,7266,1484
YPL185W,2417,1081,1020,887
YPL197C,5627,2843,5392,3651
YPL199C,1236,705,546,590
YPL205C,1400,87,796,82
YPL216W,2547,1969,1188,1697
YPL229W,1357,417,2922,587
YPL245W,2606,1357,1172,916
YPL247C,1958,1771,1595,1723
YPL257W,40,8,23,24
YPL261C,456,379,134,354
YPL264C,2447,3752,1210,5552
YPQ1,9343,8371,13145,16737
YPQ2,1446,480,609,548
YPR014C,1222,696,588,580
YPR027C,2078,1116,852,1207
YPR039W,3203,1046,3977,2459
YPR059C,481,12,473,85
YPR063C,1463,1014,537,684
YPR071W,25,6,13,2
YPR076W,1220,909,580,685
YPR077C,2129,2284,964,2150
YPR078C,960,546,403,297
YPR089W,1210,905,556,770
YPR090W,1070,371,1687,596
YPR092W,932,1490,612,2758
YPR096C,3123,1732,4041,3901
YPR1,722,792,371,676
YPR108W-A,20817,14345,9711,11523
YPR159C-A,5865,3190,7365,3536
YPS1,51,2,37,4
YPS3,854,79,286,294
YPS5,1849,720,688,498
YPS6,1956,399,699,574
YPS7,538,322,191,159
YPT11,1681,1195,699,1184
YPT31,668,382,314,353
YPT35,4217,3109,5593,4530
YPT52,11935,29693,10002,82162
YPT6,40,0,12,0
YPT7,2308,375,4260,466
YRA2,32,34,37,23
YRB30,2570,1538,906,1026
YRF1-6,2089,1797,937,1458
YRM1,1113,1033,513,745
YRO2,870,372,392,239
YRR1,1872,1788,871,1791
YSA1,26,4,20,8
YSC83,1518,622,1611,634
YSC84,1351,766,1785,1184
YSP2,8903,3598,13351,6088
YSP3,1816,1295,842,891
YSR3,1938,736,4080,1304
YSW1,753,63,288,93
YSY6,2167,3618,1475,2171
YTA12,32,0,10,0
YTA6,2511,1538,961,1151
YTA7,3255,1010,2188,1407
YUH1,1241,786,603,710
YUR1,6892,6739,6712,3756
YVC1,1719,1495,794,1115
ZDS2,1951,1367,948,936
ZEO1,2933,1763,3830,3383
ZIP1,1371,185,522,436
ZIP2,837,375,381,454
ZNF1,8872,6035,7937,6412
ZNG1,988,518,442,402
ZRG17,1283,588,706,567
ZRG8,654,258,289,204
ZRT2,1027,828,356,794
ZRT3,832,750,349,482
ZTA1,784,862,360,649
ZUO1,1126,0,2225,0
