name,dck1,dck2,pet1,pet2,pet3,rho1,sov1,sov2,sov3
AAC1,72,77,2,0,11,0,55,60,50
AAC3,9,17,4,4,3,8,3,7,7
AAD3,6,2,2,2,0,4,0,0,0
AAD6,30,18,2,0,0,2,20,26,41
AAH1,6,10,55,44,58,61,19,21,25
AAN1,16,13,0,0,1,0,9,15,33
AAP1,1,0,2,2,0,7,2,6,2
AAT1,16,25,2,0,0,5,7,18,10
AAT2,8,5,0,0,0,0,1,2,2
ABP1,23,8,3,1,2,0,47,30,48
ABP140,10,7,0,1,0,0,26,20,24
ABZ1,44,48,33,34,37,111,11,12,9
ABZ2,0,0,0,0,0,0,0,2,0
ACA1,29,20,3,2,0,3,21,6,31
ACB1,29,32,0,0,1,1,33,52,30
ACF2,19,19,0,1,1,1,30,21,18
ACF4,16,19,891,267,321,943,13,13,13
ACK1,23,19,1,0,1,1,17,32,14
ACL4,7,7,2,0,0,0,11,10,5
ACM1,14,21,0,0,2,4,16,42,26
ACO2,4,10,0,0,0,0,13,10,8
ACS1,9,10,8,1,3,15,2,5,12
ADA2,0,2,0,0,0,0,0,0,0
ADD66,5,16,0,4,0,1,12,12,10
ADE16,12,14,103,78,134,89,36,30,28
ADE17,29,48,231,249,252,194,51,66,75
ADH2,5,27,2,0,0,0,11,8,7
ADH4,9,12,0,4,1,0,13,13,37
ADH5,9,6,0,0,5,0,19,24,18
ADH6,34,57,0,7,2,0,38,40,79
ADI1,18,19,0,3,2,3,26,30,28
ADK1,2,0,0,0,0,0,0,0,0
ADK2,72,131,0,4,3,4,86,103,110
ADP1,5,11,0,0,0,0,10,9,8
ADY2,5,4,0,2,0,0,3,12,3
ADY3,39,33,2,1,2,4,24,34,31
ADY4,12,15,1,0,0,1,35,27,25
AEP1,4,8,0,0,0,0,7,9,2
AFB1,7,5,0,0,0,2,25,23,19
AFG1,27,37,0,1,1,0,38,63,58
AFI1,2,2,2,0,1,4,0,0,0
AFR1,4,23,0,2,0,2,14,18,29
AGE1,38,55,0,2,4,4,44,32,68
AGE2,27,22,8,8,15,15,2,2,0
AGP2,0,0,0,0,0,0,2,0,0
AGP3,2,13,0,0,1,0,18,15,19
AGX1,3,3,0,4,8,14,6,11,6
AHA1,4,8,0,0,0,0,9,8,2
AHC1,6,6,4,4,4,14,0,0,0
AHP1,31,38,0,4,7,0,30,51,37
AHT1,10,11,3,5,126,9,2,3,0
AIF1,4,8,0,0,0,0,0,0,1
AIM11,11,12,0,1,0,0,8,15,2
AIM14,61,66,3,0,2,3,71,87,77
AIM17,9,6,4,1,6,39,4,0,2
AIM18,14,25,0,5,0,0,24,22,25
AIM19,28,43,11,1,10,54,21,45,43
AIM20,118,150,1,7,3,3,127,157,180
AIM21,20,27,0,2,0,0,13,26,45
AIM24,14,20,0,1,0,0,12,16,22
AIM25,29,22,0,6,3,3,26,27,19
AIM26,4,3,0,0,0,0,2,4,4
AIM29,4,4,0,0,4,0,11,3,10
AIM32,12,17,80,83,75,70,38,34,28
AIM33,41,28,1,2,2,0,19,48,44
AIM36,3,9,0,0,0,0,11,12,8
AIM39,47,59,13,22,10,6,76,80,84
AIM41,13,22,6,2,10,2,2,5,5
AIM46,24,22,48,9,6,22,2,8,13
AIM9,15,7,5,0,2,0,0,5,2
AIP1,14,33,474,210,664,492,31,27,22
AIP5,38,67,4,0,6,3,36,52,52
AIR1,13,15,0,14,4,4,14,18,20
AIT1,15,6,0,1,1,2,3,14,20
AKL1,2,4,0,0,0,0,4,3,5
AKR2,16,13,2,0,0,0,11,7,21
ALB1,4,4,1,0,0,0,5,5,13
ALD2,14,34,0,3,0,0,23,9,33
ALD3,19,13,0,0,0,0,14,2,12
ALD4,28,32,0,2,1,0,22,54,37
ALD5,29,19,3,0,1,0,9,11,19
ALF1,2,4,0,0,0,0,8,12,15
ALG12,13,7,0,4,0,9,16,28,10
ALG6,2,2,0,0,0,0,0,0,0
ALO1,13,5,2,1,1,6,9,7,18
ALR2,6,18,1,1,0,2,16,15,8
ALT1,3,15,5,2,2,3,14,2,11
ALT2,0,0,0,0,0,0,2,0,0
ALY1,1,12,2,2,4,7,6,4,2
ALY2,2,14,2,3,0,0,4,3,10
AMD1,0,1,0,0,0,0,0,0,0
AMD2,12,8,18,7,8,17,10,10,1
AMF1,4,17,4,4,9,43,2,4,0
AMN1,4,9,0,0,3,0,7,9,5
AMS1,11,29,0,0,0,0,24,30,19
ANR2,17,20,10,17,2,75,4,8,2
ANS1,12,4,0,2,1,0,10,13,3
ANY1,24,20,0,8,0,0,66,64,47
APA1,7,12,8,5,5,15,4,2,0
APA2,8,22,0,1,8,0,23,36,29
APC9,60,63,4,0,0,5,65,71,99
APD1,13,11,0,0,0,0,8,17,11
APE1,6,4,0,1,0,0,10,6,3
APE2,12,20,0,0,0,0,11,17,20
APE3,5,13,2,12,4,3,3,3,0
APE4,17,15,51,5,10,33,4,13,0
APJ1,0,4,0,0,0,2,2,0,1
APL1,21,29,2,1,0,4,12,15,10
APL2,13,2,6,10,6,12,0,0,0
APL4,7,8,10,4,16,57,0,5,0
APL5,48,45,1,5,0,2,46,48,49
APL6,13,19,1,0,0,0,17,27,30
APM2,16,4,53,41,49,50,24,21,15
APM3,5,4,0,0,0,0,2,3,5
APN1,3,4,2,6,5,8,6,4,3
APP1,4,0,0,0,0,0,0,8,0
APQ12,20,19,4,6,4,17,13,15,16
APS1,16,20,0,0,1,2,34,48,30
APS2,16,3,0,0,1,0,15,17,4
APS3,5,12,0,0,0,0,23,17,14
AQR1,3,4,13,4,48,35,0,1,0
AQY2,25,45,0,0,0,0,62,44,46
AQY3,23,39,0,2,0,2,48,13,20
ARA2,18,27,2,3,1,0,25,21,28
ARC1,0,0,0,0,0,0,2,0,0
ARD1,2,2,0,0,0,0,0,2,2
ARE1,22,15,0,4,1,2,21,18,40
ARE2,0,0,1,3,4,0,1,4,2
ARF1,8,8,0,0,0,0,11,11,5
ARF3,39,28,1,0,3,0,8,36,28
ARG1,16,46,0,1,0,0,17,32,25
ARG2,7,9,0,0,0,0,4,10,8
ARG3,13,12,0,2,0,2,14,7,4
ARG4,5,0,0,0,11,6,0,0,0
ARG56,4,9,3,0,0,3,2,6,2
ARG80,4,4,0,0,2,0,11,15,9
ARG81,7,9,0,0,0,0,5,7,6
ARI1,30,27,0,4,0,2,43,36,32
ARK1,5,14,0,1,0,0,20,21,19
ARL1,7,6,0,0,0,0,8,3,2
ARN1,0,2,35,27,13,18,5,19,5
ARN2,8,18,64,51,62,74,23,20,21
ARO10,24,23,0,5,1,0,22,26,27
ARO2,5,3,0,3,2,0,0,0,0
ARO3,23,14,0,0,0,0,39,28,25
ARO7,8,12,12,46,36,19,0,0,2
ARO80,29,38,1,0,0,1,32,15,23
ARO9,0,0,0,0,0,0,0,3,0
ARP1,2,14,5,0,0,0,8,4,4
ARP6,1,2,0,0,0,0,0,1,2
ARP8,8,2,0,0,0,0,8,5,14
ART10,5,9,10,5,4,2,5,2,4
ARX1,13,8,0,0,1,0,8,6,11
ASE1,10,5,0,0,0,2,14,16,14
ASF1,0,2,0,0,0,0,2,0,0
ASG1,4,7,0,2,3,0,14,9,9
ASH1,19,4,2,1,0,1,15,13,8
ASI2,24,35,156,120,125,115,24,18,19
ASI3,20,28,4,0,1,0,21,28,40
ASK10,4,6,0,0,0,0,12,10,4
ASN2,13,8,0,11,8,8,2,4,4
ASP1,17,4,0,0,1,1,3,2,0
ASR1,2,5,0,0,0,0,2,6,14
AST2,11,18,2,1,1,1,13,23,16
ATC1,3,9,0,0,0,0,8,15,4
ATF1,18,31,2,0,1,2,28,20,34
ATF2,5,4,0,0,0,0,6,11,7
ATG1,25,28,2,8,0,5,27,25,31
ATG10,39,22,0,4,0,2,53,67,91
ATG11,2,6,0,0,0,0,0,0,2
ATG12,16,29,0,2,4,0,16,28,27
ATG14,6,11,0,0,2,2,2,2,1
ATG15,20,33,3,1,3,13,18,21,24
ATG16,21,38,8,11,53,47,9,14,15
ATG18,24,21,1,6,2,12,12,22,21
ATG19,26,37,0,4,1,4,22,39,41
ATG20,2,0,0,0,0,0,3,0,5
ATG21,9,23,38,6,0,6,0,0,4
ATG23,9,17,0,1,2,26,4,2,2
ATG26,2,3,4,6,0,0,2,3,6
ATG27,9,10,0,2,0,2,15,18,17
ATG29,22,37,0,3,2,1,40,40,49
ATG3,22,25,0,4,1,0,14,30,41
ATG31,14,8,0,0,0,0,18,18,30
ATG32,17,33,35,3,11,2,17,31,22
ATG33,24,13,5,2,8,7,9,14,15
ATG36,18,24,15,4,22,38,4,5,1
ATG38,3,7,4,1,2,10,2,4,0
ATG39,11,19,0,2,0,4,5,8,2
ATG40,6,13,0,0,2,0,15,16,23
ATG41,0,2,0,0,0,0,2,0,2
ATG42,16,33,0,0,0,0,22,28,15
ATG5,4,9,2,0,1,10,0,0,0
ATG7,21,17,14,3,10,30,2,12,3
ATG9,6,7,0,0,3,0,22,21,10
ATH1,2,1,0,0,0,0,0,0,0
ATO2,17,21,0,0,2,3,20,25,17
ATP1,0,2,0,0,0,0,0,0,0
ATP10,1,0,0,0,0,0,3,2,0
ATP18,3,17,0,0,0,2,2,8,4
ATP19,141,126,11,20,4,17,124,133,159
ATP20,7,7,0,0,0,0,4,10,10
ATP22,2,0,0,0,0,0,0,0,0
ATP25,0,0,0,0,0,0,2,0,0
ATR1,2,0,0,0,0,0,7,4,11
ATR2,9,6,4,2,0,3,12,13,14
ATS1,4,5,0,0,0,2,0,0,0
ATX1,3,6,0,0,0,0,0,3,6
ATX2,8,6,0,0,0,0,2,9,15
AUS1,16,17,0,0,1,2,14,30,21
AVL9,0,0,0,0,0,0,0,0,2
AVO2,12,9,2,2,0,0,9,7,4
AVT1,15,20,0,2,0,0,15,21,14
AVT2,14,36,0,0,0,0,30,38,23
AVT4,20,8,3,4,4,14,6,10,7
AVT6,45,33,0,3,2,0,36,47,45
AVT7,15,29,0,0,2,5,28,24,28
AXL2,5,20,1,4,0,0,9,11,13
AYR1,18,9,17,8,12,33,4,5,5
AYT1,26,34,0,1,0,1,39,37,33
AZF1,4,8,3,0,22,24,0,0,0
BAG7,0,2,0,0,0,2,2,0,1
BAP2,32,42,0,1,0,1,8,15,10
BAP3,16,18,0,0,1,0,26,37,8
BAT2,23,41,0,0,0,1,22,31,26
BBC1,15,8,0,0,0,0,10,3,4
BCH1,47,65,1,0,4,8,67,56,71
BCH2,0,0,0,0,0,0,2,0,0
BCK1,3,17,1,0,0,0,10,15,26
BDF2,9,14,0,0,0,0,17,12,21
BDH1,23,27,18,25,25,69,10,14,26
BDH2,50,90,2794,427,2106,3554,42,53,90
BEM1,0,2,0,0,1,0,2,0,0
BEM2,23,47,4,4,31,8,14,28,24
BEM4,3,3,0,0,0,0,0,1,0
BER1,6,4,6,1,12,17,12,8,10
BET1,14,32,1,18,8,7,1,3,0
BFA1,16,17,0,0,39,2,8,13,18
BGL2,12,8,0,0,2,2,9,21,29
BIK1,4,5,2,0,0,0,2,0,4
BIM1,12,19,6,3,3,5,14,2,4
BIO2,29,42,0,3,8,2,39,39,58
BIO3,28,39,3,38,7,0,47,55,72
BIO4,19,31,4,9,15,12,12,13,25
BIO5,12,7,2,9,55,7,11,6,27
BIT2,40,35,1,2,0,5,34,41,31
BIT61,6,5,0,1,0,0,9,16,10
BLI1,8,15,1,1,0,0,5,7,4
BLM10,15,10,0,7,7,2,0,6,6
BLS1,17,33,1,0,0,2,8,17,14
BMH1,24,31,2,10,2,14,4,4,2
BMH2,8,13,0,0,0,0,8,6,9
BMT2,17,14,1,2,2,3,13,19,35
BMT5,18,14,1,0,1,0,31,19,33
BMT6,10,18,1,1,1,0,34,8,31
BNA2,3,6,0,2,1,2,8,16,12
BNA3,8,4,2,0,0,0,19,18,14
BNA4,4,5,0,0,0,0,5,18,7
BNA5,0,1,18,22,12,26,2,0,8
BNA7,45,70,4,18,36,25,50,66,52
BNI1,9,4,0,1,0,0,4,10,7
BNI5,3,7,7,9,6,11,0,1,6
BNR1,8,30,0,0,2,4,5,11,17
BOI2,14,15,0,0,1,1,28,13,22
BOL1,283,431,11,15,17,6,310,487,598
BOL3,9,28,7,55,15,52,1,0,2
BOP2,33,15,0,4,5,2,9,19,16
BOR1,118,111,9,12,8,15,109,110,148
BPH1,50,48,0,5,1,7,27,64,60
BPT1,13,12,2,4,0,5,5,0,1
BRE1,7,11,2,2,2,2,0,7,4
BRE2,3,5,4,7,11,1,1,5,10
BRE4,3,6,8,6,0,26,0,0,0
BRR1,7,11,0,0,3,0,4,8,6
BSC1,22,35,0,1,0,0,23,21,29
BSC2,12,19,6,7,7,15,4,4,3
BSC4,67,77,1,1,1,4,71,70,112
BSC6,4,9,0,0,0,0,9,6,20
BSD2,21,23,0,0,0,2,12,15,15
BST1,11,0,0,0,0,3,3,1,4
BTN2,25,39,0,3,1,0,29,18,34
BTT1,2,4,2,0,0,5,2,2,4
BUB1,0,0,0,0,1,0,0,0,0
BUB2,20,28,43,21,32,31,29,48,40
BUD16,10,38,13,6,4,17,2,10,2
BUD17,2,3,0,0,5,3,0,3,1
BUD2,22,7,0,0,0,0,9,13,18
BUD26,2,8,0,0,0,0,6,14,9
BUD27,2,6,0,0,0,0,2,0,2
BUD3,14,10,0,0,0,3,16,13,17
BUD31,2,8,0,0,0,0,9,20,10
BUD6,17,12,2,3,0,2,10,9,14
BUD8,28,27,3,0,0,0,26,46,31
BUD9,4,6,0,1,1,0,7,8,3
BUG1,2,9,0,1,0,0,4,12,8
BUL1,6,6,0,0,0,0,56,33,15
BUL2,24,31,2,1,1,3,27,42,30
BXI1,22,31,0,3,4,2,32,34,54
BYE1,12,14,7,12,0,37,2,0,0
BZZ1,3,6,0,9,4,28,4,0,0
CAC2,20,15,0,0,1,0,7,13,0
CAD1,32,42,33,4,6,19,36,34,47
CAF120,5,1,0,0,0,0,6,6,8
CAF130,12,6,0,0,0,0,9,13,10
CAF16,6,5,0,2,2,2,2,7,6
CAF4,9,14,564,254,248,1271,19,20,15
CAN1,23,24,4,1,1,24,10,18,19
CAP1,16,9,1,0,1,4,10,27,40
CAP2,10,17,13,4,5,1,0,1,0
CAR1,0,0,0,0,0,0,1,0,0
CAR2,26,33,8,3,4,52,1,8,4
CAT2,5,20,6,14,10,23,0,2,1
CAT5,0,2,0,0,0,0,0,2,0
CBP4,4,4,0,0,0,0,2,4,2
CBR1,8,27,1,0,0,2,18,25,21
CBT1,6,7,0,0,0,0,0,2,0
CCC1,7,4,1,0,0,0,6,5,11
CCC2,0,2,0,0,0,0,0,0,0
CCE1,17,23,2,1,0,2,3,8,1
CCH1,7,14,0,0,0,1,7,11,26
CCP1,6,2,0,1,0,2,2,0,3
CCR4,3,0,0,0,0,0,8,2,0
CCS1,10,15,0,2,0,0,23,6,23
CCW14,19,27,1,0,2,2,14,18,9
CCW22,11,17,0,23,1,0,16,38,18
CDA1,0,0,0,0,0,0,2,2,0
CDA2,22,17,20,20,18,22,9,8,7
CDC73,4,2,0,0,0,0,0,6,2
CEM1,6,2,0,0,0,0,0,0,2
CEX1,6,7,2,2,0,6,0,0,2
CFD1,4,2,0,2,5,0,0,2,2
CFF1,6,12,12,5,0,23,7,1,3
CGR1,100,138,3,0,5,0,89,136,131
CHA4,79,107,3,1,6,1,75,91,105
CHD1,44,68,2,3,4,7,86,124,92
CHL4,5,9,2,0,4,8,7,1,5
CHM7,17,35,0,4,1,2,24,45,31
CHO2,37,42,1,0,3,0,97,102,90
CHS3,2,4,1,1,0,0,2,4,4
CHS6,2,2,0,0,0,0,0,0,0
CHZ1,10,2,0,0,0,0,18,11,18
CIK1,0,0,0,0,0,0,20,9,4
CIN1,30,23,0,1,1,3,9,15,30
CIN10,8,3,0,0,1,0,7,16,9
CIN5,15,24,0,3,2,0,13,17,26
CIN8,2,9,0,0,0,0,4,3,8
CIR1,9,7,0,0,0,0,10,12,9
CIS1,6,21,6,2,12,16,2,3,0
CIS3,1,8,0,6,0,0,2,0,5
CIT1,7,1,0,0,0,0,4,1,4
CIT2,9,8,0,0,1,0,7,15,17
CKA2,5,6,10,33,7,8,26,33,20
CKB2,10,7,0,1,0,0,2,5,2
CKI1,16,25,1,0,3,0,3,12,4
CLB1,6,12,6,5,1,11,3,8,1
CLB4,10,6,2,0,1,0,9,10,8
CLB6,3,0,5,11,2,10,0,2,1
CLD1,1,0,4,11,39,5,4,10,2
CLG1,13,23,0,0,2,0,2,12,3
CLN1,38,27,3,2,0,0,32,30,39
CLN3,20,24,4,2,4,9,19,31,26
CLU1,16,21,0,0,1,0,15,15,22
CMC4,35,35,4,9,10,0,35,27,14
CMG1,8,15,1,7,13,17,4,2,7
CMK1,58,69,0,3,5,0,55,59,102
CMK2,7,2,0,0,0,0,7,11,9
CMP2,21,13,0,3,2,0,20,28,19
CMR1,6,3,0,0,2,1,8,12,2
CMR2,22,11,1,5,0,6,46,58,46
CMR3,11,23,2,2,0,0,22,23,16
CMS1,14,25,2,0,0,0,40,24,35
CNA1,83,86,6,16,4,39,45,58,51
CNB1,15,20,2,0,0,0,25,38,28
CNE1,13,21,2,0,4,0,0,5,6
CNM1,13,9,2,1,1,9,3,3,15
COA1,1,0,0,0,0,0,0,0,0
COA2,10,9,1,0,0,0,32,31,34
COA3,8,0,0,0,0,0,0,2,1
COA4,3,2,0,1,0,0,7,4,3
COA6,3,2,0,0,0,0,3,3,5
COG6,1,0,0,0,0,0,0,2,2
COG8,4,11,0,0,0,0,6,12,10
COQ10,2,0,0,0,0,0,2,4,0
COQ11,7,14,1,11,11,26,6,11,1
COQ3,2,2,0,0,0,0,0,3,0
COQ5,4,3,0,0,0,0,8,0,2
COQ6,16,9,0,0,0,0,3,17,18
COS10,33,49,253,204,469,295,76,98,63
COS12,4,17,2,9,3,9,4,5,7
COS6,14,15,0,2,0,0,14,37,9
COT1,21,10,0,2,0,3,17,19,35
COX19,0,0,0,0,0,0,5,1,0
COX20,4,2,0,0,0,0,5,4,5
COX23,0,0,0,0,0,0,2,2,1
COX5B,39,20,1,0,2,2,8,13,11
COX6,1,0,1,0,0,0,4,0,0
COX8,0,7,0,0,0,0,7,15,16
COX9,0,0,0,0,0,0,0,2,0
COY1,8,18,8,0,1,1,17,25,14
CPA1,8,7,0,0,0,0,16,6,5
CPA2,31,46,0,3,4,0,57,36,37
CPR2,0,0,1,0,0,4,2,0,0
CPR3,70,49,3,4,8,23,48,65,72
CPR4,12,30,0,2,2,0,24,16,26
CPR5,33,47,9,5,7,7,13,20,13
CPR6,4,7,0,0,0,0,3,6,10
CPR7,3,7,0,2,0,0,2,0,0
CPR8,7,6,0,0,0,2,4,14,9
CPS1,4,17,2,2,6,0,4,8,0
CPT1,6,11,2,0,0,0,4,5,6
CQD1,6,11,39,1,2,16,2,5,1
CQD2,16,8,0,0,0,2,16,16,21
CRD1,4,10,0,0,0,0,6,11,8
CRF1,11,12,0,5,2,4,11,13,23
CRG1,22,57,1,7,4,6,34,45,54
CRH1,3,2,0,0,1,5,10,7,3
CRM1,0,1,0,0,0,0,0,0,0
CRR1,15,26,9,4,8,37,4,1,6
CRZ1,4,4,2,1,6,13,2,0,0
CSC1,26,19,2,1,6,0,22,40,24
CSE2,2,3,51,21,33,37,4,11,6
CSF1,2,6,0,1,0,0,2,0,2
CSH1,21,15,56,10,16,9,11,7,14
CSI1,9,11,0,2,0,0,16,18,16
CSM1,6,22,0,4,0,2,1,9,4
CSM2,4,9,153,144,184,113,13,5,9
CSM3,10,1,52,10,5,12,3,7,5
CSR1,10,23,0,0,0,0,11,31,15
CSR2,19,22,0,0,3,0,23,15,22
CSS2,9,27,6,9,4,24,5,8,12
CSS3,15,17,0,0,0,2,4,9,8
CST6,0,6,0,0,1,4,0,2,0
CST9,5,19,188,160,181,207,13,27,17
CTA1,22,60,8,10,2,12,50,64,48
CTF3,22,8,0,1,0,0,19,17,12
CTF8,0,4,0,0,0,0,1,8,5
CTH1,3,6,0,2,5,0,4,1,2
CTI6,8,8,4,0,2,0,0,0,1
CTL1,31,17,0,0,0,0,37,27,26
CTO1,10,18,0,0,0,0,9,10,11
CTP1,6,1,0,4,3,11,2,20,5
CTS1,54,40,146,321,613,211,44,75,59
CTS2,3,2,1,0,0,0,10,1,13
CTT1,7,14,8,8,10,5,7,4,6
CUB1,2,2,0,1,0,4,0,2,2
CUE1,19,32,24,1,2,11,39,36,31
CUE2,28,11,0,0,0,0,29,29,50
CUE4,19,8,0,0,0,0,22,21,8
CUE5,6,17,38,24,11,20,10,12,11
CUL3,17,14,46,65,94,33,23,8,8
CUP2,23,32,12,8,14,16,10,22,17
CUP9,4,14,4,26,7,20,7,31,13
CUZ1,5,1,28,5,9,26,2,4,0
CVM1,8,9,2,0,2,5,0,2,0
CWC21,20,10,1,0,0,2,8,4,6
CWH43,30,29,1,0,1,2,6,33,31
CWP1,44,47,6,10,7,5,12,25,11
CWP2,0,2,0,0,0,2,0,2,0
CYB2,21,30,0,1,2,0,18,22,21
CYB5,19,22,2,2,2,2,0,0,0
CYC1,3,4,1,0,0,0,2,13,0
CYC2,3,6,2,0,0,0,1,8,16
CYC3,0,2,0,0,0,0,0,0,0
CYC7,27,25,4,28,0,0,36,28,36
CYM1,14,19,1,1,1,2,17,30,10
CYS3,0,19,0,0,1,0,24,19,18
CYT2,3,2,0,0,0,0,2,2,15
DAK1,17,4,0,0,0,0,13,6,17
DAK2,17,19,70,20,9,81,0,8,2
DAL1,37,29,0,0,3,2,36,44,46
DAL2,1,5,0,0,0,0,4,1,2
DAL3,16,29,0,1,3,0,27,20,21
DAL4,41,47,1,0,3,4,34,68,46
DAL5,4,9,0,0,4,2,2,9,8
DAL7,13,15,3,13,23,23,5,8,9
DAL81,3,0,0,2,0,10,0,1,0
DAL82,14,15,0,0,0,0,18,19,23
DAN1,3,14,9,6,10,21,0,2,3
DAP1,2,11,3,8,7,29,2,0,2
DAP2,47,46,344,224,311,250,91,84,111
DAS1,8,7,1,2,0,0,6,6,5
DAS2,0,2,0,1,0,0,0,1,0
DAT1,0,7,0,0,1,0,3,2,2
DBP1,2,2,3,1,4,22,0,0,0
DCG1,12,13,10,0,2,28,0,2,5
DCI1,4,14,0,0,0,1,9,4,2
DCK1,24,39,20,22,18,61,15,27,17
DCN1,10,13,0,0,0,0,17,20,23
DCR2,6,15,0,0,1,0,26,5,19
DCS1,0,0,0,0,0,0,0,0,3
DCV1,25,24,10,3,1,12,10,13,7
DCW1,16,12,0,3,1,1,15,38,13
DDC1,12,15,0,2,0,0,5,15,26
DDE1,16,20,4,0,0,2,9,16,6
DDI1,80,108,18,12,20,12,55,52,56
DDL1,14,14,0,2,0,0,16,15,37
DDP1,1,16,0,0,0,0,11,9,16
DDR2,171,228,17,14,15,6,238,230,276
DDR48,6,4,2,2,0,4,0,0,2
DEG1,2,6,0,0,0,0,3,1,2
DEP1,7,6,0,0,0,0,10,19,9
DEP1|DRS2,10,7,0,0,0,0,8,13,8
DER1,0,13,0,3,0,0,8,11,22
DET1,17,34,0,3,3,1,27,41,26
DFG5,24,35,0,3,1,0,31,27,41
DFM1,27,28,0,1,0,1,39,45,30
DFP1,18,22,0,1,0,0,21,36,29
DFP2,11,21,238,86,118,497,9,18,17
DFP3,1,0,0,0,1,0,2,10,2
DFP4,4,1,6,10,6,4,0,4,6
DGA1,6,9,0,0,0,0,8,5,6
DGK1,21,41,0,4,4,7,6,6,8
DGR1,36,60,4,0,2,4,23,35,45
DGR2,16,20,0,1,4,0,6,9,0
DIA1,113,92,19,5,6,14,45,87,99
DIA4,0,0,0,0,0,0,0,0,1
DIC1,5,8,0,0,0,0,11,5,12
DID2,19,30,2,0,0,0,54,26,36
DID4,0,0,0,0,0,0,6,0,0
DIF1,25,12,20,11,12,36,2,6,0
DIG2,11,16,0,1,2,0,9,20,17
DIN7,53,37,11,7,12,31,17,15,11
DIP5,7,8,0,0,2,0,30,24,20
DIT1,17,6,0,1,1,0,4,18,26
DIT2,21,25,0,0,1,0,30,29,22
DJP1,14,14,38,24,61,43,37,23,35
DLD1,37,26,8,3,17,11,9,13,7
DLD2,17,31,0,4,1,0,19,26,29
DLD3,23,21,7,4,6,2,14,21,26
DLS1,5,2,0,0,0,0,7,4,10
DLT1,13,20,0,0,0,2,8,14,8
DMA1,0,3,7,4,3,9,0,1,0
DMA2,18,23,14,11,9,12,15,27,11
DMC1,34,69,1,0,1,0,36,69,78
DMO1,15,10,0,1,0,0,10,8,6
DNF1,62,68,7,12,3,15,45,59,62
DNF2,11,3,0,0,0,2,4,4,3
DNF3,16,8,0,2,0,0,12,9,13
DNL4,73,82,7,1,4,7,48,42,60
DOA1,21,18,3,2,2,3,53,72,43
DOG1,10,9,0,69,2,7,3,3,4
DOG2,2,7,4,8,17,28,0,4,1
DOM34,5,15,0,0,0,0,2,2,5
DOS2,17,21,0,0,2,2,17,9,19
DOT5,12,15,0,0,1,2,29,24,24
DOT6,1,6,0,1,0,0,5,4,6
DPB4,2,5,3,5,11,5,3,1,6
DPC29,19,10,0,0,6,2,7,12,16
DPH2,12,10,0,6,4,10,2,5,4
DPH5,3,4,5,1,2,8,0,0,4
DPH6,2,2,0,0,0,0,2,4,0
DPI34,13,11,0,1,2,0,11,13,14
DPI35,23,24,0,0,0,0,19,23,21
DPL1,14,34,5,5,2,9,10,4,1
DSC3,16,26,11,12,14,69,25,19,16
DSD1,1,0,0,0,0,0,2,3,2
DSE1,34,36,3,5,12,31,9,19,18
DSE2,17,54,6,14,4,36,6,5,14
DSE3,6,6,0,0,0,0,11,14,12
DSE4,19,13,4,15,3,21,6,5,14
DSF2,10,4,0,2,0,2,10,14,10
DSK2,26,17,1,1,1,0,38,31,32
DSS4,7,9,0,0,0,2,7,8,13
DTD1,9,10,0,0,0,0,18,7,15
DTR1,4,13,0,2,8,20,11,7,4
DUG2,13,31,0,0,1,4,17,39,29
DUR12,53,62,0,6,0,0,83,92,84
DUR3,16,11,59,70,76,64,25,26,30
DUS1,19,45,0,0,2,10,35,43,44
DUS3,9,23,0,1,0,0,20,13,27
DUS4,4,4,8,2,2,4,1,0,2
DXO1,9,18,2,1,2,0,12,19,13
DYN1,10,17,120,2,5,16,3,2,4
DYN2,16,11,0,2,0,2,14,20,30
DYN3,8,11,0,1,0,0,9,17,12
EAF3,12,20,2,2,4,12,27,22,26
EAF7,10,6,2,0,0,0,6,6,4
EAR1,19,36,0,2,4,0,23,36,62
EAT1,9,9,0,2,1,1,13,2,21
ECI1,17,19,0,0,0,0,9,19,7
ECL1,27,42,2,2,0,3,29,28,26
ECM1,5,2,2,1,2,8,2,0,0
ECM12,15,31,1,4,2,2,32,44,48
ECM14,14,22,1,0,0,4,12,26,13
ECM2,8,15,0,1,4,2,14,10,11
ECM21,8,0,0,0,0,2,4,9,9
ECM22,5,14,0,0,0,0,5,14,8
ECM25,17,18,0,0,1,4,16,20,21
ECM29,2,13,3,5,5,16,3,4,8
ECM30,47,42,0,2,1,0,9,4,10
ECM31,57,34,1,0,2,2,53,50,54
ECM32,22,40,38,21,30,18,8,13,16
ECM33,24,31,2,7,0,15,28,22,16
ECM34,6,1,51,35,59,37,23,12,20
ECM38,8,2,2,38,1,3,2,14,11
ECM4,3,17,2,9,8,11,4,8,6
ECM5,20,9,2,5,2,0,24,18,19
ECM7,2,1,0,1,0,0,1,6,4
ECT1,0,8,40,42,65,54,17,4,15
EDC1,13,23,0,0,2,2,22,40,26
EDC2,23,24,0,3,3,0,22,17,15
EDC3,0,0,0,0,0,0,0,2,0
EDS1,8,9,0,1,0,0,12,15,8
EEB1,21,21,141,102,133,118,35,52,49
EFG1,4,3,0,1,0,0,4,3,0
EFG1|YGR272C,0,2,0,0,0,0,0,2,0
EFM1,4,4,0,0,0,0,5,6,6
EFM2,18,20,0,4,1,1,15,28,23
EFM3,4,12,0,2,0,0,17,21,11
EFM6,5,5,29,1,1,20,1,2,4
EFT1,6,11,0,0,0,0,8,10,10
EFT2,12,22,0,0,0,0,23,18,16
EGD2,11,16,0,2,0,0,0,3,5
EGH1,8,3,6,5,5,36,3,3,9
EGO2,18,19,4,16,10,21,0,3,2
EGT2,21,22,2,0,0,1,24,34,28
EHD3,42,57,2,5,2,3,53,50,53
EHT1,14,13,0,0,0,0,18,16,17
EIS1,10,3,28,27,17,51,12,7,7
ELG1,11,11,0,15,2,9,16,11,21
ELM1,2,0,0,0,0,0,4,2,3
ELO1,7,1,4,3,3,5,1,0,0
ELO2,2,3,0,1,0,0,7,7,6
ELO3,3,3,0,0,0,0,8,8,8
ELP2,0,2,0,0,0,0,2,0,2
ELP3,3,0,0,0,0,0,17,2,5
ELP4,0,4,0,0,0,0,6,14,7
ELP6,1,0,0,0,0,0,0,4,0
EMA19,26,14,2,0,0,2,41,24,25
EMC1,4,2,0,0,0,0,0,4,3
EMC10,19,13,0,1,3,2,11,15,24
EMC2,2,2,0,0,0,0,2,0,0
EMC3,5,7,4,6,4,43,0,2,0
EMC6,21,26,6,4,4,10,6,19,30
EMI1,24,29,0,3,0,1,19,26,46
EMI2,10,13,0,2,0,0,18,11,7
EMP47,19,33,0,3,0,0,16,16,18
EMP65,13,28,0,1,1,0,6,21,25
ENO1,49,47,2,7,1,1,60,53,62
ENT1,11,8,1,2,3,6,4,6,2
ENT2,11,11,0,0,0,1,24,12,15
ENT5,6,13,1,4,5,9,10,15,10
ENV11,8,12,4,4,0,12,7,7,0
ENV9,6,26,0,6,2,20,5,7,13
EPO1,1,6,0,0,0,2,1,0,0
EPT1,13,7,18,21,17,26,8,8,4
ERC1,6,11,0,0,4,0,25,15,31
ERF2,4,14,0,23,3,6,2,1,2
ERG5,10,12,0,0,0,2,0,0,0
ERP1,7,15,2,2,0,24,0,2,2
ERP3,19,42,0,2,1,0,21,27,20
ERP5,6,12,2,2,2,12,2,0,2
ERS1,21,23,0,0,0,0,8,23,27
ERT1,11,10,0,4,2,2,3,7,2
ERV15,15,25,3,1,1,2,21,27,21
ERV2,22,8,1,4,2,0,26,23,29
ERV25,33,35,1,2,1,0,29,43,31
ERV29,4,5,0,0,0,0,5,9,3
ERV41,31,32,0,0,7,0,21,22,33
ERV46,19,21,0,20,7,22,8,5,13
ESBP6,4,4,4,1,4,17,1,0,2
ESC1,20,32,1,0,0,2,34,28,25
ESC2,2,13,0,0,0,0,15,6,5
ESL2,18,27,0,1,2,0,20,28,46
EST3,8,10,1,2,3,6,4,5,6
ETP1,2,0,1,2,0,12,0,0,2
ETT1,6,7,16,20,17,27,20,18,18
EUC1,6,15,0,1,0,0,5,3,1
EUG1,0,0,0,0,0,0,0,0,1
EXG1,10,15,2,18,65,22,23,16,19
EXG2,64,57,275,109,82,298,23,48,40
EXP1,19,40,4,4,9,10,27,17,17
FAA1,12,5,2,3,0,18,6,6,1
FAA3,33,56,4,7,8,7,17,40,44
FAA4,5,3,0,1,0,0,5,4,10
FAP1,7,8,459,69,495,434,4,16,9
FAR1,8,19,2,5,2,4,0,7,7
FAR10,2,15,0,2,0,0,18,21,16
FAR11,27,28,3,7,1,1,60,93,68
FAR3,27,29,4,2,1,5,57,79,91
FAR7,10,22,4,1,1,0,35,45,35
FAT1,11,8,0,0,0,0,11,9,14
FAT3,15,25,2,0,0,0,43,22,50
FAU1,190,204,5,3,16,1,149,238,257
FBP1,12,26,1,0,0,0,4,15,10
FBP26,9,20,0,0,0,0,5,11,3
FCY1,4,12,3,0,4,13,4,4,1
FCY2,0,4,0,4,5,2,0,2,0
FCY21,18,34,2,0,1,2,23,37,18
FCY22,8,16,0,3,1,13,5,5,7
FDO1,23,31,70,68,65,71,62,55,71
FEN2,8,11,0,1,0,0,14,4,19
FET3,27,26,0,1,1,0,36,44,35
FET4,45,40,2,1,3,1,41,40,62
FET5,14,20,0,2,0,15,9,23,12
FHN1,5,12,1,0,4,0,5,10,13
FIG4,32,46,1,5,0,9,85,106,87
FIR1,0,2,0,0,0,0,2,0,0
FIS1,12,14,69,70,51,66,28,17,32
FIT1,8,10,3,34,0,2,1,12,8
FIT2,13,21,0,0,0,0,19,20,15
FIT3,9,9,0,0,0,2,8,6,14
FKH1,17,35,6,5,9,15,20,11,17
FKH2,4,5,66,55,61,47,10,12,12
FKS3,14,11,1,0,0,0,11,19,26
FLC1,13,30,0,2,0,2,34,31,37
FLC2,86,114,8,12,12,28,46,58,56
FLC3,61,83,20,23,11,43,14,21,11
FLO1,11,17,8,10,20,33,0,11,5
FLO10,8,14,0,0,0,0,9,22,13
FLO11,20,33,111,119,156,128,33,32,53
FLR1,6,3,0,0,0,0,12,13,14
FMC1,15,16,2,8,6,3,17,22,27
FMP10,138,132,5,6,6,9,119,150,155
FMP16,12,24,0,0,0,0,11,11,25
FMP23,9,4,0,0,0,2,10,8,22
FMP25,6,10,4,0,0,16,2,6,10
FMP27,2,10,0,2,2,2,0,6,2
FMP30,10,21,6,7,2,8,6,0,5
FMP32,16,26,0,0,3,5,2,18,14
FMP33,7,0,4,0,5,13,0,0,0
FMP40,8,4,0,1,0,11,2,0,0
FMP41,32,26,16,15,27,37,4,18,6
FMP42,19,31,2,2,1,1,42,36,58
FMP45,15,36,0,0,2,0,11,17,21
FMP46,13,20,8,33,22,50,8,6,13
FMP48,8,4,3,0,1,5,2,10,4
FMP49,16,34,0,0,0,0,46,32,30
FMP52,31,28,0,0,0,0,21,34,37
FMS1,31,44,0,1,4,0,48,55,36
FOB1,4,13,0,0,1,0,9,13,7
FOX2,27,15,3,0,2,0,17,27,26
FPK1,6,0,11,21,27,18,8,6,9
FPR2,4,1,0,0,2,0,7,10,11
FPR3,16,11,0,0,0,0,23,34,30
FPR4,12,19,0,1,11,20,6,2,4
FPY1,6,7,0,0,0,2,6,11,8
FRD1,8,11,0,8,0,0,3,5,13
FRE2,4,5,5,0,2,15,0,2,0
FRE3,6,30,1,1,5,1,25,30,25
FRE4,13,19,0,0,0,0,9,9,7
FRE5,0,1,0,0,0,1,0,0,0
FRE6,47,59,2,4,1,8,61,53,48
FRE7,55,77,21,23,22,75,37,48,25
FRK1,4,4,0,0,2,13,0,2,2
FRM2,23,49,1,2,0,0,44,58,43
FRT1,11,7,0,0,0,0,9,3,10
FRT2,33,50,502,199,496,289,64,99,81
FSF1,15,28,0,1,1,0,34,19,19
FSH1,6,5,0,0,0,2,4,8,1
FSH2,24,27,0,2,0,0,40,38,37
FSH3,0,2,0,1,2,0,9,9,5
FTH1,14,25,16,3,17,20,7,6,13
FTR1,13,15,0,3,1,12,10,19,9
FUB1,11,7,2,0,0,14,2,0,0
FUN14,17,30,1,3,72,58,15,29,24
FUN19,6,8,46,0,2,18,8,2,3
FUN26,16,23,2,16,9,32,7,13,10
FUN30,14,27,84,89,112,51,24,34,41
FUR4,18,12,3,0,8,38,14,14,15
FUS1,2,5,0,0,0,0,3,1,7
FUS2,15,5,0,3,0,0,13,11,21
FYV1,0,4,0,0,0,0,2,2,2
FYV5,4,14,0,0,0,0,1,0,4
FYV8,11,6,0,0,0,3,19,7,5
FZF1,18,26,11,50,55,38,12,11,8
GAC1,16,13,7,8,13,17,8,5,4
GAL1,123,186,123,109,122,268,82,85,98
GAL10,21,32,2,4,0,2,28,41,43
GAL2,80,131,7,12,7,19,117,131,125
GAL3,8,18,0,0,0,0,18,8,14
GAL4,20,16,10,100,8,34,5,3,4
GAL7,34,43,0,1,0,0,38,56,33
GAL80,10,14,0,2,0,0,16,13,8
GAL83,9,16,0,0,0,0,28,49,30
GAP1,26,48,1752,469,1360,1927,8,14,16
GAS2,18,12,0,1,0,0,20,20,21
GAS3,20,13,2,2,0,0,16,25,24
GAS4,13,22,0,2,1,0,6,20,22
GAS5,32,36,0,0,1,4,49,35,34
GAT1,5,9,0,1,0,0,2,10,4
GAT2,16,4,2,6,4,2,9,10,4
GAT3,8,8,0,1,0,1,14,6,4
GAT4,9,28,1,6,10,15,7,2,0
GCG1,27,45,0,2,1,2,50,27,20
GCN20,30,32,2,1,3,3,27,42,48
GCN3,11,12,2,6,7,10,12,16,29
GCN4,8,11,3,3,3,6,3,4,2
GCS1,10,10,0,1,0,0,11,10,10
GCV1,20,36,0,0,4,2,34,32,39
GCV2,0,2,0,0,0,0,7,0,5
GCV3,6,17,0,0,0,0,10,12,13
GDA1,6,19,0,4,0,2,22,29,25
GDE1,13,17,0,0,0,0,17,37,33
GDH2,14,35,3,9,2,30,11,11,9
GDH3,245,320,15,22,19,20,215,316,384
GEA1,24,19,11,2,16,19,2,19,9
GEF1,23,37,0,0,0,0,15,12,9
GEM1,0,2,0,0,0,0,0,0,0
GEP3,0,0,0,0,0,0,0,0,3
GEP4,0,0,0,0,0,0,0,2,0
GET1,22,38,0,0,0,0,9,6,7
GET2,6,6,0,0,0,0,3,0,7
GEX2,19,20,0,2,0,0,9,15,25
GFD1,31,30,0,2,0,0,43,52,46
GGA1,3,7,0,1,0,0,7,12,18
GGA2,2,5,0,6,3,0,3,2,1
GGC1,0,0,0,0,0,0,3,2,1
GIC1,2,0,4,3,2,0,0,0,0
GIC2,9,20,0,4,2,6,18,18,17
GID10,12,21,0,10,0,1,12,9,4
GID11,2,8,32,3,5,15,3,5,1
GID12,9,7,1,2,0,0,8,8,6
GID7,5,7,0,0,0,0,5,7,6
GID8,5,12,0,0,2,0,16,5,8
GIM3,3,4,0,0,1,2,0,1,0
GIM4,7,15,4,0,3,1,0,0,1
GIM5,10,9,0,0,0,0,0,2,2
GIP1,2,9,2,0,0,4,0,1,0
GIP2,14,21,1,0,0,0,31,14,24
GIP3,18,3,0,0,0,0,4,11,17
GIP4,25,23,3,3,8,10,0,8,1
GIR2,0,2,0,0,0,0,2,2,4
GIS1,21,14,0,0,0,5,20,29,27
GIS2,19,22,0,2,0,0,10,20,15
GIS3,4,2,0,0,0,0,0,0,3
GIS4,10,20,56,93,60,43,11,13,16
GLC3,2,4,0,3,0,9,0,0,3
GLC8,18,25,0,0,0,0,25,34,42
GLG1,8,20,13,10,28,20,0,2,0
GLG2,15,16,2,7,8,6,12,10,6
GLK1,2,2,0,0,0,0,2,7,7
GLN3,6,3,0,0,0,0,20,16,14
GLO1,13,23,0,0,0,0,25,24,11
GLO2,0,0,0,0,2,0,0,0,0
GLO3,8,0,0,0,0,0,7,4,4
GLO4,18,22,1,1,43,4,40,49,28
GLR1,1,3,0,0,2,2,2,0,0
GLT1,32,33,0,2,3,0,37,39,43
GMC1,10,18,3,4,2,21,9,19,11
GMC2,30,31,0,0,2,4,39,20,20
GMH1,23,18,227,88,251,381,18,24,27
GNP1,39,42,0,2,2,4,91,88,71
GNT1,11,9,7,1,10,13,2,2,5
GOR1,10,22,3,10,11,3,16,10,13
GOS1,6,16,0,0,0,0,2,0,8
GOT1,14,18,0,0,0,0,10,8,11
GPA1,19,19,18,52,93,24,12,10,28
GPA2,0,0,3,0,2,4,3,0,2
GPB1,19,23,0,0,1,7,14,21,16
GPB2,96,150,283,70,79,87,39,66,100
GPC1,0,1,2,0,0,0,3,4,5
GPD1,18,15,0,1,2,3,16,13,27
GPD2,1,1,0,0,0,2,6,14,10
GPG1,27,16,2,3,0,2,24,32,30
GPM2,19,20,12,58,0,19,6,2,14
GPM3,9,11,15,7,8,44,2,6,0
GPP1,15,9,99,61,116,203,45,61,46
GPR1,3,6,0,0,4,1,5,4,0
GPT2,0,2,0,0,0,0,0,0,0
GPX2,14,25,4,2,1,0,15,19,19
GRE2,26,33,0,4,1,5,43,38,31
GRE3,8,12,4,2,2,4,3,7,2
GRH1,12,9,0,0,0,0,4,7,13
GRX1,9,17,2,8,2,19,2,10,9
GRX2,16,8,4,16,5,23,8,12,8
GRX3,19,52,2,0,0,2,23,19,40
GRX4,66,110,2,10,2,1,77,108,121
GRX5,0,0,0,0,0,0,0,2,0
GRX6,17,15,0,0,0,2,13,19,13
GRX7,15,29,0,0,2,3,36,24,16
GRX8,50,96,0,6,5,1,59,77,75
GSC2,4,0,2,21,0,2,0,1,0
GSF2,14,14,7,0,0,10,15,10,17
GSM1,29,32,0,0,1,1,25,52,46
GSP2,2,16,0,1,0,1,13,15,9
GSY1,16,20,8,14,0,4,3,19,5
GSY2,7,9,0,2,0,0,23,19,13
GTA1,10,34,1,2,0,4,49,35,44
GTB1,7,14,2,1,2,8,0,4,3
GTO1,29,30,2,1,0,0,25,24,29
GTO3,36,47,25,46,0,15,31,26,39
GTR1,0,10,0,0,0,0,3,2,1
GTS1,46,56,22,29,28,64,32,49,42
GTT1,6,10,0,0,1,0,9,12,6
GTT2,29,48,0,1,2,4,21,49,30
GTT3,13,23,0,3,2,0,16,35,22
GUD1,23,51,6,9,0,5,22,15,16
GUF1,7,2,0,0,0,0,3,1,9
GUP2,43,48,0,8,2,11,40,46,44
GUT1,1,1,20,3,14,17,4,15,5
GUT2,7,11,0,3,4,1,2,3,0
GVP36,46,32,1914,637,667,1937,60,62,73
GYL1,13,10,2,2,4,23,6,2,3
GYP5,5,6,2,35,0,5,0,2,0
GYP6,18,28,0,0,3,0,33,38,27
GYP8,9,26,138,138,207,161,24,48,57
GZF3,6,12,10,0,3,14,4,15,8
HAA1,25,28,8,11,13,12,3,0,13
HAC1,4,7,4,0,3,23,8,3,5
HAL5,13,15,8,74,5,26,0,0,2
HAL9,5,22,2,6,7,17,9,19,12
HAM1,2,18,0,0,4,0,3,5,2
HAP4,2,0,0,0,0,0,0,0,2
HAT2,9,14,0,1,0,0,10,13,14
HBN1,140,139,5,18,66,16,114,142,166
HBS1,2,9,1,4,25,3,0,0,0
HBT1,8,4,2,4,8,0,11,0,4
HCM1,21,24,0,1,2,0,6,11,12
HCS1,8,8,5,4,13,16,4,2,10
HDA2,0,2,0,0,0,0,0,0,3
HEF3,15,23,2,0,0,4,23,28,27
HEH2,1,8,0,0,0,0,4,12,12
HEL2,1,6,0,0,0,0,0,0,0
HEM25,15,20,2,3,0,3,5,16,4
HFD1,15,45,0,2,0,1,35,38,31
HFL1,9,11,0,1,0,0,4,4,4
HFM1,16,2,0,0,0,2,19,8,14
HGH1,5,7,3,12,0,4,0,3,1
HHF1,4,2,0,0,0,0,2,6,3
HHF2,8,12,1,0,0,0,8,6,11
HHO1,3,10,2,3,2,15,0,3,0
HHT1,5,4,2,6,12,3,0,2,3
HHT2,9,10,1,14,6,23,2,0,0
HHY1,2,5,0,0,0,0,2,2,1
HIM1,18,3,3,7,11,5,16,18,5
HIR3,10,9,0,4,0,4,0,2,2
HIS1,28,15,0,21,2,0,31,17,36
HIS2,11,11,6,2,0,2,8,15,18
HIS3,16,16,0,0,1,6,9,7,14
HIS6,6,0,0,2,0,4,0,1,0
HIT1,2,0,0,0,0,0,0,0,0
HLJ1,5,14,0,0,0,0,10,7,17
HLR1,26,33,6,3,11,12,8,26,6
HMF1,17,6,7,1,3,2,10,15,12
HMG1,13,31,0,9,2,4,9,20,24
HMT1,4,15,0,0,0,0,12,13,4
HMX1,2,2,0,0,0,0,0,0,4
HO,4,5,0,2,0,0,10,6,6
HOG1,12,38,3,5,4,13,24,31,42
HOM2,4,5,0,0,0,0,4,2,2
HOM6,10,19,0,0,0,2,4,4,5
HOP1,7,11,5,30,8,28,0,0,10
HOR7,12,9,0,0,0,1,14,13,26
HOS1,1,3,7,6,31,8,0,0,2
HOS2,3,3,0,0,0,6,11,7,6
HOS3,29,30,0,2,2,1,49,43,31
HOS4,47,45,4,0,3,6,80,87,64
HOT1,20,17,5,4,0,2,8,17,13
HOT13,28,43,0,1,1,0,32,46,47
HPA3,31,24,2,14,11,2,27,16,37
HPC2,0,1,0,0,0,0,0,0,0
HPF1,16,23,2,2,3,13,14,17,19
HPM1,6,12,0,27,4,0,16,11,25
HPT1,19,18,0,0,0,5,17,30,25
HRB1,22,27,0,4,0,4,25,51,34
HRD3,5,3,0,0,0,2,2,2,1
HRK1,21,33,0,2,1,1,53,44,53
HRQ1,13,40,13,6,7,21,22,26,13
HRT3,29,26,0,5,3,0,39,26,38
HSC82,15,30,0,1,0,0,41,27,30
HSE1,63,108,0,10,2,4,183,158,198
HSL1,16,10,4,15,25,2,11,8,6
HSM3,1,4,0,1,0,0,2,11,21
HSP104,47,80,10,5,11,18,6,11,29
HSP12,6,6,2,2,10,10,5,3,12
HSP150,6,2,5,19,2,4,2,4,6
HSP26,3,3,0,0,0,2,7,5,8
HSP30,9,17,0,1,0,0,10,16,25
HSP31,3,18,9,9,3,37,3,2,4
HSP42,3,14,0,0,2,0,13,8,14
HSP78,7,13,3,2,8,21,7,8,9
HSP82,25,21,0,0,5,0,13,41,31
HST1,4,7,0,0,0,2,16,10,7
HST3,17,7,2,4,1,3,7,15,8
HST4,6,5,0,0,0,0,5,13,7
HSU1,10,26,0,2,4,3,18,25,30
HTB2,1,1,0,1,0,0,2,4,2
HTC1,2,4,2,5,2,6,4,5,9
HTD2,0,2,0,0,0,0,0,0,0
HUA1,9,10,0,5,1,14,0,2,1
HUA2,5,7,0,1,0,0,9,4,8
HUB1,40,59,1,9,7,2,4,17,6
HUG1,34,28,0,6,0,0,49,67,50
HXK2,12,39,0,2,1,1,16,15,38
HXT1,2,1,0,1,0,0,0,0,0
HXT10,11,20,1,2,0,5,12,19,19
HXT12,21,28,0,2,1,3,30,24,22
HXT14,12,23,2,8,1,0,17,31,23
HXT17,4,3,5,7,6,7,3,10,14
HXT2,12,15,2,0,1,0,17,16,26
HXT4,0,2,0,2,0,13,0,0,0
HXT5,3,0,0,0,0,0,2,4,0
HXT8,27,28,2,2,2,5,4,20,15
HYR1,26,42,23,37,130,80,8,10,11
IAH1,19,13,4,8,11,32,0,2,4
IBD2,4,10,8,39,10,46,0,4,0
ICE2,11,13,9,29,256,71,6,2,5
ICL1,3,3,0,0,0,0,4,7,7
ICP55,19,6,2,5,0,1,13,11,15
ICS2,11,15,2,1,2,3,3,9,6
ICS3,12,8,0,0,1,2,10,18,9
ICT1,9,5,1,0,0,1,12,6,13
ICY1,18,39,0,3,3,4,22,40,49
IDH1,4,2,0,0,0,0,0,2,4
IDP1,10,11,6,5,7,9,5,1,1
IDP2,0,5,0,0,1,4,4,1,4
IDP3,40,37,0,5,1,1,73,66,53
IDS2,16,21,4,7,3,37,2,4,10
IES1,0,12,0,1,0,0,4,5,6
IES3,3,0,0,0,0,0,3,7,4
IES4,4,10,15,16,11,33,15,13,17
IES5,5,17,0,0,0,0,9,14,15
IGD1,18,8,26,8,4,25,6,4,13
IGO2,18,14,4,14,2,3,17,9,8
IKS1,4,0,0,3,0,0,12,8,9
ILM1,0,2,0,0,0,0,2,1,0
ILT1,10,15,3,0,0,0,21,20,14
ILV1,2,0,0,0,0,0,0,0,0
ILV6,35,30,0,0,1,2,10,17,9
IMA1,21,24,8,4,5,16,10,5,11
IMA5,21,19,91,91,166,105,29,37,44
IMD3,35,34,289,147,290,341,45,64,42
IMD4,12,19,0,0,1,1,24,16,5
IME1,20,36,1,1,2,0,21,19,37
IME2,2,20,0,0,0,2,12,6,17
IMH1,7,15,0,1,0,0,40,27,21
IML2,19,16,0,1,0,1,26,26,31
IML3,23,7,0,3,1,0,11,8,18
IMO32,14,20,0,2,1,0,12,15,14
IMP1,0,2,0,0,0,0,3,0,0
INA1,0,9,0,0,0,0,10,2,4
INA17,23,28,0,2,2,2,22,22,36
INA22,6,15,3,0,1,0,8,4,7
INO1,7,10,4,9,6,20,4,0,1
INO2,7,6,0,0,1,0,15,12,11
INO4,28,21,2,2,0,0,42,30,34
INP1,41,32,1,0,5,2,29,50,49
INP2,1,7,0,1,0,0,7,6,13
INP51,90,122,15,9,3,5,33,55,62
INP52,1,7,2,4,1,7,1,1,4
INP54,16,4,4,2,4,16,8,7,6
IOC2,60,87,11,3,2,3,66,64,76
IOC3,20,30,7,11,41,48,13,23,18
IOC4,13,15,0,0,0,0,16,18,22
IPK1,55,70,1,0,1,0,20,35,22
IPT1,12,10,2,1,0,4,81,64,44
IRC11,4,9,0,0,0,0,4,5,12
IRC13,2,7,0,0,0,0,3,4,4
IRC18,17,23,1,6,0,4,23,19,23
IRC19,0,2,0,0,0,0,0,0,0
IRC2,28,19,2,1,0,0,56,26,29
IRC20,11,23,0,1,0,2,17,15,25
IRC21,7,7,1,0,0,0,7,8,12
IRC22,21,39,0,2,2,1,43,36,32
IRC23,6,5,0,0,0,2,4,4,11
IRC24,29,43,1,5,2,0,19,29,26
IRC8,14,5,1,0,1,0,5,12,10
IRC9,3,19,3,2,6,9,4,8,19
IRE1,13,15,7,1,3,13,2,0,4
IRS4,2,6,1,0,2,6,0,0,0
ISA2,2,0,0,0,0,0,5,2,7
ISC1,9,0,0,0,0,0,2,0,0
ISC10,94,99,5,4,4,0,120,137,75
ISF1,8,15,1,3,0,2,32,33,20
ISN1,9,15,0,1,0,0,16,9,12
IST1,66,71,5,19,12,15,77,107,96
IST3,7,15,1,2,0,0,4,0,2
ISU1,14,16,2,1,0,1,32,32,41
ISW1,5,19,0,1,1,0,13,15,18
ISW2,28,15,0,2,0,0,23,24,21
ISY1,23,17,1,0,0,0,15,37,19
ITC1,15,14,28,6,7,15,2,0,0
ITR1,9,24,0,0,0,0,29,26,16
ITR2,57,51,342,380,288,279,111,122,108
ITT1,13,11,5,18,5,36,2,2,0
IVY1,7,17,4,1,2,8,7,14,12
IXR1,7,15,0,0,0,0,12,21,17
IZH1,25,33,0,0,1,2,30,33,42
IZH3,20,16,0,4,1,2,37,28,31
IZH4,46,40,10,66,39,42,28,15,25
JEM1,16,22,2,0,2,2,4,12,23
JEN1,30,33,178,114,208,176,28,43,44
JHD2,69,73,3,9,3,0,94,114,113
JID1,3,3,0,0,0,0,2,8,11
JIP3,3,13,11,12,6,11,6,5,5
JIP4,11,22,3,5,1,4,4,13,9
JJJ2,4,13,2,3,0,22,0,0,0
JJJ3,26,18,0,0,0,0,14,8,28
JLP2,8,12,0,2,0,1,15,11,25
JNM1,9,9,0,0,0,0,7,6,10
JSN1,12,20,28,0,0,2,11,19,8
KAP120,13,6,0,0,0,1,13,9,20
KAR4,0,0,0,0,0,0,0,0,2
KAR5,22,19,0,2,4,5,18,19,17
KAR9,36,26,0,1,5,5,28,56,33
KCC4,7,8,0,0,0,0,9,15,6
KCH1,18,23,3,0,0,0,17,30,45
KCS1,3,1,1,0,0,0,10,9,0
KDX1,12,11,2,2,0,2,9,15,25
KEL1,2,14,0,2,4,17,11,6,10
KEL2,34,32,1484,736,1424,1359,9,8,18
KEL3,15,18,4,1,2,0,10,26,12
KES1,6,4,3,4,2,1,0,0,0
KGD1,9,7,5,1,1,7,2,0,1
KGD2,2,2,0,0,0,0,0,3,0
KHA1,6,19,0,0,0,0,4,15,7
KIN1,27,27,0,1,0,0,63,48,74
KIN2,7,26,0,0,0,4,45,34,50
KIN4,13,20,0,0,0,0,11,4,15
KIP2,31,37,0,1,2,0,13,26,39
KIP3,12,16,0,0,2,0,3,16,10
KKQ8,0,0,2,2,0,9,0,4,0
KNS1,11,15,2,4,0,6,0,0,2
KRE1,4,9,0,0,0,0,0,10,3
KRE2,64,97,1,6,6,4,22,77,44
KSP1,0,1,0,0,0,4,2,3,4
KSS1,0,4,2,1,4,4,0,0,0
KTD1,25,40,0,0,2,6,27,25,41
KTI11,12,20,0,0,1,0,21,27,34
KTI12,0,2,0,0,0,0,0,0,0
KTR1,0,3,0,2,0,15,2,0,0
KTR2,15,24,5,6,6,36,5,2,3
KTR3,16,14,0,4,0,2,19,40,33
KTR4,14,17,8,2,8,19,8,13,10
KTR5,5,12,0,0,0,2,8,4,16
KTR7,51,70,2,0,1,2,53,88,82
LAA1,35,40,0,1,2,0,33,24,38
LAC1,10,9,1,0,3,2,30,28,21
LAF1,35,29,47,3,1,0,94,105,61
LAG1,9,7,33,13,7,38,0,0,2
LAG2,7,5,13,10,16,51,2,8,2
LAM1,7,9,3,0,3,6,22,15,13
LAM4,7,1,6,21,9,30,0,2,2
LAM5,9,10,0,0,0,0,4,3,14
LAM6,23,16,0,2,4,6,15,28,24
LAP2,4,4,2,1,13,6,18,4,9
LAS21,1,1,0,0,0,0,0,0,0
LAT1,5,4,0,2,0,2,0,0,2
LCB3,7,17,32,32,47,40,27,39,6
LCB4,3,12,13,6,25,9,8,7,10
LCL2,14,21,17,4,12,32,8,18,3
LDB16,10,13,1,14,1,4,4,0,6
LDB18,9,12,0,0,1,1,8,28,10
LDH1,26,34,2,2,1,2,20,43,22
LDO16,10,18,0,0,0,0,13,15,25
LDO45,1,7,0,0,0,0,15,7,9
LDS1,1,6,0,2,6,2,4,11,10
LDS2,2,1,0,0,1,0,1,8,3
LEC1,4,9,0,0,0,17,9,17,8
LEU3,18,31,0,2,0,1,11,11,30
LEU4,51,77,37,191,222,324,20,30,36
LHP1,5,26,2,0,0,2,13,16,24
LIA1,3,7,1,1,0,2,8,8,2
LIH1,37,39,7,15,3,16,16,8,13
LIN1,5,17,15,1,4,23,2,6,0
LIP2,10,7,0,0,0,0,3,7,8
LMO1,11,4,3,22,51,46,2,0,0
LOC1,0,2,0,0,0,0,0,0,2
LOG1,17,16,0,1,5,0,11,11,32
LOH1,5,2,0,8,1,2,4,7,14
LOS1,6,22,2,2,4,6,4,4,12
LOT5,30,46,2,1,2,0,15,24,20
LOT6,25,48,44,1,3,5,71,42,36
LPD1,9,14,0,0,1,0,4,4,16
LPL1,12,7,0,0,0,0,25,13,16
LPP1,10,10,0,0,0,0,18,10,7
LPX1,7,4,0,0,0,0,6,12,15
LPX2,5,6,25,0,1,0,9,9,4
LRE1,0,0,0,0,0,0,0,1,0
LRG1,2,5,0,0,0,0,0,2,0
LRO1,8,23,0,0,0,0,17,14,31
LRS4,3,4,0,0,0,0,6,4,0
LSB1,8,11,0,1,0,2,4,15,16
LSB3,34,45,0,3,0,0,35,33,46
LSB6,8,10,2,0,2,3,29,11,32
LSC1,1,9,0,0,2,0,6,1,4
LSM1,0,0,0,0,0,0,3,2,5
LSM12,5,0,7,9,52,5,0,0,0
LSM7,10,22,0,12,15,15,28,28,25
LSO1,50,58,495,207,430,414,19,21,18
LSO2,6,19,0,3,0,2,14,17,8
LSP1,28,43,14,25,60,30,18,18,26
LTP1,6,8,4,9,1,2,0,1,2
LYP1,36,34,4,13,2,6,32,52,56
LYS1,8,19,1,4,2,9,4,6,9
LYS2,14,24,0,0,0,1,34,21,19
LYS20,1,4,0,0,0,0,0,0,0
LYS21,22,30,5,5,0,19,58,20,33
LYS4,5,12,1,0,1,2,9,14,9
LYS5,51,63,0,1,1,0,76,63,94
MAC1,6,6,0,0,0,0,4,1,1
MAD2,6,7,0,0,0,0,17,8,12
MAD3,19,41,6,2,1,9,22,24,33
MAE1,42,39,6,8,1,0,31,37,51
MAF1,1,0,0,0,0,0,0,0,0
MAG1,35,30,2,5,6,19,53,61,35
MAG2,25,40,2,2,1,1,39,31,43
MAK10,62,49,1,3,4,2,164,117,128
MAK3,4,0,0,0,0,0,19,16,10
MAK32,6,8,18,20,7,23,1,2,10
MAL12,67,141,3,1,5,2,125,120,137
MAL13,21,39,22,14,6,10,2,18,9
MAL32,33,31,2,0,8,2,12,26,31
MAL33,2,5,0,0,2,0,8,9,9
MAM1,28,22,4,8,4,7,20,21,19
MBA1,2,8,0,0,0,0,1,2,3
MBF1,16,27,1,3,1,0,9,7,15
MBP1,27,29,2,1,3,2,29,47,40
MBR1,9,0,0,2,0,2,0,0,0
MCA1,1,0,0,0,0,0,4,9,6
MCH2,36,30,225,193,281,222,53,75,56
MCH4,13,9,2,0,0,27,6,3,2
MCH5,0,0,0,0,0,0,2,0,2
MCK1,75,54,3,8,4,9,10,27,21
MCO10,19,41,7,4,8,20,15,20,21
MCO12,33,35,4,3,8,27,25,41,33
MCO32,18,17,0,1,0,0,16,16,19
MCT1,0,0,1,0,0,0,2,0,0
MCX1,13,12,0,0,0,14,6,7,9
MCY1,19,3,0,4,3,4,2,12,8
MDE1,25,31,4,4,6,10,30,20,19
MDG1,16,16,108,11,18,53,0,1,3
MDH1,13,10,1,0,1,0,16,16,4
MDH2,2,12,0,3,0,1,7,3,12
MDH3,12,25,3,3,4,6,15,14,16
MDJ1,0,7,0,0,0,0,3,0,0
MDJ2|PEX6,0,1,0,0,0,0,0,0,0
MDL1,2,0,0,1,2,5,0,0,0
MDM1,20,36,0,7,1,4,58,56,34
MDM34,0,0,0,0,0,0,4,7,6
MDM35,0,0,0,0,0,0,0,2,0
MDM36,3,8,2,23,0,6,4,6,5
MDM38,3,4,0,0,0,0,7,2,6
MDR1,6,3,0,3,8,7,4,9,7
MDS3,4,9,0,0,4,4,6,3,3
MDV1,16,29,2,0,0,0,24,16,11
MDY2,11,16,0,0,0,0,7,10,10
MED1,0,3,0,0,0,0,10,13,8
MEH1,6,6,2,1,3,3,10,14,2
MEI4,2,4,0,0,0,0,1,4,1
MEI5,0,0,0,0,0,0,2,0,0
MEP1,9,0,3,2,8,20,0,2,1
MEP2,19,19,5,7,2,21,6,9,2
MET1,10,13,88,42,87,90,24,29,13
MET10,8,18,0,3,2,11,4,6,13
MET14,19,15,1,0,0,2,15,17,25
MET16,0,0,0,0,0,0,0,1,0
MET17,15,28,3,2,3,5,3,14,10
MET2,83,87,4,8,10,23,114,137,132
MET28,59,65,2,1,0,4,68,107,67
MET3,26,20,7,5,12,22,12,16,21
MET32,23,12,21,6,11,20,8,21,5
MET5,25,23,1039,293,685,1223,11,13,16
MET6,9,2,0,0,2,0,13,22,2
MET8,7,8,0,0,1,0,33,16,46
MEU1,6,11,0,2,0,0,33,26,25
MFA1,34,67,2,3,6,5,19,22,26
MFA2,13,11,2,0,1,0,14,16,27
MFB1,1,2,1,0,0,0,0,2,1
MFG1,12,27,0,2,0,0,20,28,23
MFT1,11,19,0,3,0,0,13,16,10
MGA2,6,10,2,0,1,6,16,32,41
MGL2,18,18,1,1,0,0,29,30,34
MGP12,23,17,2,78,8,25,10,8,8
MGR2,2,2,0,0,0,0,4,6,1
MGR3,2,5,0,0,0,0,11,7,17
MGT1,4,5,0,0,0,0,8,8,5
MHF1,27,24,13,60,14,27,13,13,9
MHF2,0,3,3,3,1,2,0,0,2
MHO1,19,23,0,1,4,1,11,19,18
MHP1,16,10,0,0,2,4,5,10,9
MHR1,19,10,2,0,0,0,21,33,29
MHT1,0,2,0,0,0,0,0,2,2
MIC10,14,22,0,0,4,0,15,28,14
MIC12,5,7,0,0,0,0,8,8,13
MIC19,0,17,1,5,4,13,3,4,0
MIC27,0,0,0,0,2,4,0,0,0
MIC60,0,4,0,0,0,0,0,0,4
MIG2,19,38,1,3,0,2,15,19,25
MIG3,66,93,19,11,9,64,79,81,90
MIH1,22,37,0,8,10,4,11,14,24
MIL1,35,23,19,13,12,50,2,5,10
MIN10,2,3,0,0,0,0,1,2,5
MIN3,25,51,1,2,1,2,32,42,42
MIN4,24,37,8,0,4,7,1,3,2
MIN6,161,160,92,98,313,124,54,103,66
MIR1,3,10,0,2,0,0,0,2,4
MIS1,39,37,0,1,1,0,52,50,47
MIX23,11,12,1,1,1,0,18,33,21
MKC7,6,11,0,2,0,6,10,6,8
MKK2,15,14,2,1,2,6,40,12,27
MKS1,1,10,1,1,0,0,27,8,12
MKT1,15,19,1388,408,895,2031,9,11,11
MLF3,11,21,63,40,31,84,23,37,16
MLH1,17,7,0,2,0,0,5,6,17
MLH3,4,11,11,5,5,8,6,5,3
MLO1,56,54,3,8,6,7,42,40,50
MLO127,62,103,498,352,423,399,122,133,125
MLP1,6,5,2,0,0,2,17,26,20
MME1,14,20,9,5,3,7,6,7,5
MMF1,1,2,1,0,0,0,0,0,0
MMO1,2,2,0,0,1,0,0,2,0
MMP1,11,23,2,0,0,2,27,39,39
MMR1,1,5,0,0,0,0,7,9,12
MMS4,4,2,0,1,0,0,1,2,4
MMT1,15,19,0,0,0,2,16,17,33
MMT2,37,27,5,8,0,17,13,6,5
MNE1,0,4,0,0,0,0,0,2,1
MNL2,13,17,0,0,0,0,6,6,19
MNN1,24,43,0,3,4,1,56,61,58
MNN10,4,6,0,0,0,0,0,2,0
MNN14,20,27,2,0,4,4,34,25,53
MNN4,2,2,4,5,0,4,0,0,1
MNN5,18,23,0,5,0,0,12,20,15
MNR2,16,40,0,0,3,0,18,47,40
MNS1,18,18,0,1,0,0,24,26,39
MNT2,48,54,7,3,0,4,34,59,55
MNT3,27,35,8,0,2,0,6,8,6
MNT4,13,24,195,93,155,113,36,41,45
MON1,1,0,1,2,0,0,0,2,0
MON2,17,33,1,0,0,0,81,53,74
MOT3,18,27,7,12,1,3,6,0,0
MPA43,13,21,2,0,1,0,12,14,19
MPC2,10,29,0,3,3,0,13,32,32
MPC54,6,16,0,0,1,2,10,11,11
MPD1,15,41,2,1,1,2,28,30,27
MPD2,30,18,13,18,12,28,12,9,14
MPH1,3,9,5,4,6,6,0,6,7
MPP6,0,0,0,0,0,0,4,2,0
MRC1,10,6,0,1,0,0,2,2,12
MRH1,28,48,0,2,2,4,42,47,41
MRI1,159,188,20,43,23,64,41,62,71
MRK1,24,47,4,7,2,4,5,15,6
MRL1,27,23,1,0,0,1,16,38,23
MRM1,2,0,0,0,0,0,0,0,0
MRM2,4,7,0,0,0,0,3,5,3
MRN1,6,6,1,5,0,0,2,2,2
MRP13,6,13,5,2,10,12,8,15,13
MRP35,4,6,5,5,6,7,12,18,8
MRP49,14,19,0,0,1,0,30,18,30
MRP7,0,0,0,0,0,0,0,2,2
MRP8,10,7,0,0,2,8,2,4,5
MRPL11,13,1,0,0,0,0,8,8,12
MRPL13,3,5,0,2,0,0,11,10,0
MRPL17,0,0,0,0,0,0,2,0,2
MRPL20,10,4,0,1,0,0,8,2,4
MRPL23,6,0,0,0,0,0,4,2,0
MRPL25,0,0,1,0,0,0,0,0,0
MRPL27,3,8,0,0,0,0,2,3,1
MRPL32,0,0,0,0,0,0,2,5,2
MRPL37,6,0,0,0,0,0,0,0,2
MRPL39,50,55,0,0,0,0,56,66,62
MRPL4,1,0,0,0,0,0,0,0,0
MRPL44,26,36,3,1,1,1,27,36,30
MRPL49,0,2,0,0,0,0,4,0,0
MRPL50,6,11,32,26,49,34,23,17,16
MRPL51,0,0,0,0,0,0,2,0,0
MRPS35,0,0,0,0,1,0,2,7,2
MRPS5,2,0,0,0,0,0,0,0,0
MRPS9,0,9,0,0,0,0,2,0,4
MRS2,3,12,0,1,0,0,5,10,9
MRS3,15,22,8,22,14,25,9,2,6
MRS4,8,24,118,94,119,137,32,30,22
MRX12,11,19,0,2,0,0,4,13,6
MRX15,10,10,0,0,0,0,9,13,13
MRX18,5,2,0,1,0,0,2,0,8
MRX19,23,25,2,0,0,0,23,26,29
MRX21,4,4,0,0,0,1,0,0,0
MRX3,7,16,0,2,2,0,7,17,16
MRX4,22,39,1,0,2,3,34,33,39
MRX6,8,5,2,0,0,2,16,19,19
MRX8,2,0,0,0,0,0,4,0,2
MRX9,6,14,0,0,1,1,15,23,18
MSA2,30,24,0,2,6,0,42,37,42
MSB2,3,9,0,2,1,0,10,5,5
MSB4,5,17,0,0,0,0,24,3,9
MSC1,6,7,2,2,2,0,19,9,10
MSC2,1,13,0,0,0,0,6,2,5
MSC3,2,5,0,0,1,1,15,0,4
MSC6,15,15,0,0,0,0,35,11,19
MSC7,0,0,0,0,0,0,0,3,0
MSE1,0,0,0,0,0,0,0,2,0
MSG5,6,7,0,0,0,0,8,4,2
MSH2,359,312,2781,23549,18393,2155,33,38,52
MSH4,6,16,4,6,0,6,1,2,1
MSH5,11,22,132,66,98,85,45,32,18
MSH6,5,6,6,2,4,30,0,4,2
MSL1,2,10,0,0,0,1,0,2,0
MSN1,21,13,1,0,1,0,27,31,38
MSN4,12,18,0,1,1,8,5,11,17
MSN5,8,19,1,0,1,0,16,11,15
MSO1,13,11,2,0,0,0,9,4,5
MSP1,6,2,4,4,4,5,2,0,1
MSS1,0,0,0,0,1,0,4,2,0
MSS11,12,16,0,1,0,4,31,19,28
MST1,2,2,0,1,0,0,2,2,2
MSW1,29,41,1,2,1,0,36,40,46
MTC1,3,8,0,0,6,0,5,2,6
MTC2,0,6,0,0,0,0,5,9,7
MTC4,9,9,0,0,0,0,16,12,15
MTC5,21,13,0,0,0,0,2,8,6
MTC6,18,17,0,4,3,7,3,1,4
MTC7,9,16,0,2,0,0,2,14,8
MTD1,23,12,80,14,0,34,8,9,3
MTE1,8,2,0,0,0,0,2,10,4
MTF1,0,0,0,0,0,0,2,0,1
MTF2,0,0,0,0,0,0,0,4,0
MTG1,1,2,0,0,0,0,0,9,13
MTH1,59,47,4,11,12,3,6,6,11
MTL1,16,15,0,1,0,0,16,4,13
MTM1,11,38,0,0,2,0,58,45,41
MTO1,25,33,6,1,3,0,19,19,27
MTQ1,18,25,1,3,0,2,24,34,26
MUB1,5,2,0,0,0,1,14,19,16
MUD1,30,35,0,0,3,5,24,34,33
MUD2,77,58,5,18,2,0,28,26,34
MUK1,2,3,1,2,3,7,0,0,0
MUM3,13,14,0,0,0,0,22,22,29
MUP1,2,2,0,0,0,0,2,0,7
MUS81,17,21,0,1,0,0,9,26,27
MVB12,2,2,2,0,0,0,10,9,13
MVP1,2,8,0,2,0,0,15,8,12
MXR1,0,1,0,1,0,0,0,4,2
MYG1,40,44,0,1,1,4,85,68,91
MYO3,0,4,1,0,2,6,3,6,2
MYO4,16,43,2,28,5,20,15,11,25
MYO5,7,5,0,2,2,0,7,10,6
MZM1,45,47,1,0,0,4,44,54,72
NAB6,9,21,0,0,0,4,7,5,12
NAM7,16,23,2,1,0,0,0,4,2
NAM8,2,2,2,0,1,13,0,0,0
NAP1,22,28,0,19,0,0,22,12,23
NAS2,13,35,113,155,218,155,36,52,46
NAT3,4,2,0,0,0,0,11,3,0
NAT4,7,2,0,0,0,2,2,3,15
NBA1,24,44,15,3,6,7,21,26,27
NBP2,1,2,0,0,0,0,0,0,3
NCA3,7,9,0,0,0,0,11,10,12
NCE101,10,13,17,2,9,21,0,1,0
NCS2,4,4,0,0,0,0,7,6,11
NCW2,12,9,0,1,0,0,11,12,15
NDE1,6,7,3,86,101,17,8,5,3
NDE2,5,1,0,0,0,0,0,2,1
NDI1,9,19,0,0,0,2,10,6,8
NDJ1,9,12,88,77,97,60,30,34,35
NDL1,8,33,2,2,0,10,2,13,6
NDT80,12,9,24,19,44,40,15,16,6
NEJ1,6,8,2,1,0,2,11,19,25
NEL1,6,7,3,6,13,20,2,4,2
NEM1,2,2,0,0,0,0,0,4,3
NFG1,10,4,0,1,1,0,9,10,10
NFI1,24,25,1,1,0,2,23,31,30
NFT1,11,18,0,2,2,2,2,10,24
NFU1,6,11,0,0,0,0,8,3,8
NGG1,1,2,0,0,0,0,0,0,0
NGK1,11,20,96,67,75,110,39,25,27
NGL2,5,20,1,2,0,0,12,24,22
NGR1,10,24,17,17,6,34,20,20,15
NHA1,16,17,1,0,0,4,16,23,12
NHP10,8,4,0,0,0,0,2,2,0
NHP6A,1,2,0,0,0,0,2,4,4
NHP6B,13,24,0,2,0,0,16,16,25
NIF3,17,19,0,0,1,2,19,22,17
NIP100,6,8,0,0,0,0,4,3,6
NIS1,6,12,1,14,6,6,0,0,0
NIT1,24,50,0,2,2,12,2,23,11
NIT3,11,3,0,0,0,0,12,3,4
NKP1,5,3,0,0,0,0,6,6,5
NKP2,0,5,0,1,1,0,1,2,3
NMA1,20,9,11,7,22,22,3,4,5
NMA111,6,3,0,0,0,0,7,14,4
NMA2,4,0,0,0,0,0,1,0,8
NMD2,8,2,0,0,0,2,0,0,2
NMD4,17,8,19,12,12,24,0,2,0
NNF2,4,4,1,1,11,1,14,12,15
NNK1,20,10,0,0,0,6,28,9,21
NNR2,14,24,0,0,0,1,19,25,17
NNT1,18,14,4,6,0,0,11,5,10
NOP13,35,65,20,27,14,39,8,20,15
NOP16,13,21,0,1,1,0,17,9,6
NPL3,0,0,0,0,0,0,0,2,0
NPL4,14,12,0,0,0,1,16,15,24
NPL6,1,3,1,0,0,0,0,0,2
NPP2,31,33,2,0,0,0,29,39,56
NPR2,24,49,3,2,0,0,32,51,43
NPR3,8,4,32,112,31,15,5,10,5
NRE1,7,21,15,10,19,32,6,14,1
NRG1,22,21,21,13,10,17,12,6,5
NRG2,4,6,0,0,0,2,7,11,7
NRK1,38,34,17,17,15,52,2,8,15
NRM1,15,12,1,0,7,3,22,22,27
NRP1,9,24,0,0,0,0,9,12,9
NRT1,36,20,2,0,1,1,57,50,68
NSG1,0,1,2,2,0,5,0,0,4
NSG2,24,23,7,5,15,60,12,21,7
NSI1,38,45,2,0,1,6,71,35,44
NST1,2,8,0,5,0,6,0,0,2
NTA1,20,19,0,0,0,0,18,31,33
NTC20,48,49,0,4,3,4,81,60,86
NTE1,44,46,8,4,1,2,63,41,42
NTG1,21,18,13,4,8,11,1,4,0
NTG2,16,24,4,1,2,0,22,28,23
NTH1,4,14,0,0,0,0,13,2,5
NTH2,26,36,1,0,2,0,38,28,30
NTO1,17,4,0,0,0,0,5,9,14
NUC1,0,0,0,0,2,0,2,1,0
NUM1,4,4,0,0,0,0,6,5,7
NUP100,7,8,0,0,1,10,0,0,3
NUP120,0,0,0,0,0,0,0,3,0
NUP188,0,21,0,0,0,0,1,3,8
NUP2,8,9,0,0,2,0,14,7,4
NUP42,9,4,43,28,18,13,21,14,12
NUP53,20,14,0,0,0,0,31,36,32
NUT1,1,4,2,17,17,0,5,5,0
NVJ2,56,78,0,5,6,2,116,89,96
OAC1,12,30,5,8,1,2,11,9,11
OAF1,30,32,2,7,2,11,11,29,24
OAF3,3,1,74,37,54,163,10,10,10
OAZ1,12,11,5,6,13,25,0,3,4
OCA1,12,10,12,0,23,12,0,0,0
OCA2,7,0,3,0,0,4,0,0,0
OCA4,0,4,3,2,3,18,0,0,0
OCA5,2,13,18,12,42,14,2,0,3
OCA6,35,35,4,2,2,4,6,12,3
OCT1,0,0,0,0,0,0,0,1,0
ODC1,0,1,0,0,0,0,0,0,0
OGG1,12,7,1,0,1,5,4,10,10
OLA1,11,13,0,0,0,0,20,14,15
OM14,24,34,0,0,2,2,36,32,25
OM45,55,91,0,2,2,1,39,61,56
OMA1,10,13,0,0,1,2,8,4,7
OMS1,17,14,2,0,0,0,6,6,4
OPI10,16,40,0,7,3,2,60,42,58
OPI11,0,0,0,0,0,0,5,2,7
OPI3,6,8,0,0,0,0,6,4,0
OPI7,24,13,0,0,0,1,20,17,16
OPI9,0,5,1,2,0,0,13,7,3
OPT1,25,37,9,10,7,8,5,41,33
OPY1,9,15,0,17,2,4,23,13,17
OPY2,27,19,0,3,0,4,22,22,19
ORA1,6,3,0,0,0,0,5,8,9
ORA1|LUG1,9,8,0,1,0,0,10,7,14
ORM1,1,2,4,5,3,7,0,0,0
ORM2,7,6,0,0,5,5,2,5,0
OSH2,8,9,0,0,0,0,2,9,7
OSH3,12,10,6,6,14,18,19,22,29
OSH6,5,10,2,4,7,32,2,4,0
OSI1,25,39,0,2,2,2,39,36,41
OSM1,38,41,0,1,1,2,51,55,56
OST3,0,5,0,2,0,2,2,2,0
OST6,23,23,0,1,0,6,11,5,9
OSW2,0,2,0,0,0,0,0,4,2
OSW7,51,38,0,1,1,2,57,45,37
OTU1,9,8,6,34,2,47,3,6,18
OTU2,1,0,0,2,6,0,9,9,4
OXA1,0,3,0,1,1,0,6,4,2
OXP1,6,37,0,2,2,0,14,18,20
OXR1,7,19,20,16,8,34,2,4,3
OYE2,20,16,0,0,0,0,11,25,7
OYE3,20,28,0,3,0,3,10,17,13
PAA1,12,8,4,0,0,9,18,18,20
PAC1,5,2,0,0,0,0,2,2,0
PAC10,0,0,0,0,2,0,0,0,3
PAC11,12,4,0,2,0,4,7,2,12
PAC2,24,31,1,0,0,0,29,51,55
PAI3,37,66,92,80,72,72,52,62,82
PAL2,2,1,2,3,0,3,0,0,2
PAM1,33,41,4,2,6,7,31,50,33
PAM17,5,9,17,7,32,16,25,24,16
PAN3,20,29,0,2,0,4,3,25,12
PAR32,9,13,9,0,5,2,3,13,3
PAU11,9,4,0,7,2,11,2,7,2
PAU2,20,25,0,1,2,0,16,5,23
PAU23,0,0,0,0,0,2,2,0,2
PAU24,30,54,0,0,5,0,33,36,47
PAU4,28,58,1781,219,1184,2027,12,22,42
PAU7,17,21,4,7,11,55,7,12,12
PAU8,19,56,0,7,1,13,15,11,8
PBA1,18,4,0,3,0,0,8,4,8
PBI2,17,24,0,2,2,0,15,32,21
PBP1,12,14,0,2,0,0,11,16,5
PBS2,2,12,0,0,0,2,7,4,17
PCA1,9,13,0,6,3,9,27,38,13
PCD1,0,2,0,0,0,0,0,0,0
PCH2,10,9,4,22,0,8,4,7,5
PCI8,4,13,0,3,1,1,5,7,9
PCL1,27,46,2,1,3,2,24,39,31
PCL7,22,28,446,141,185,140,50,55,69
PCL8,53,58,4,3,2,0,98,119,107
PCL9,21,24,0,1,2,0,9,24,21
PCP1,0,0,0,0,0,0,0,0,1
PCT1,7,13,0,1,0,3,6,6,7
PDA1,45,55,0,3,0,1,51,86,59
PDC5,34,34,0,5,1,2,35,29,27
PDC6,0,0,0,0,0,0,0,1,2
PDE1,4,13,0,0,0,2,6,7,5
PDE2,7,20,2,3,0,17,6,9,4
PDL32,40,41,323,238,295,322,97,87,90
PDP3,9,35,0,0,2,1,31,21,27
PDR10,1,8,4,5,1,2,7,9,12
PDR11,30,59,12,9,11,16,11,37,38
PDR15,14,27,3,0,0,0,36,30,31
PDR17,31,49,0,3,1,0,15,8,11
PDR18,12,12,154,150,187,152,31,36,47
PDR5,3,5,35,17,20,31,2,6,6
PDR8,8,26,0,0,0,0,8,17,9
PDX1,6,2,0,0,0,2,2,0,0
PDX3,44,37,0,1,3,2,27,39,29
PEA2,35,47,0,6,0,4,18,32,24
PEF1,2,4,1,2,0,0,2,2,4
PEP4,14,15,0,5,0,0,28,29,16
PEP8,3,9,0,1,1,0,20,20,16
PER1,13,11,0,0,0,0,5,3,3
PES4,51,59,0,4,3,0,74,68,78
PET100,2,2,0,0,0,0,5,6,1
PET122,2,2,0,0,0,0,2,4,2
PET123,3,4,0,0,0,0,4,2,2
PET127,14,6,2,3,2,0,13,30,20
PET309,0,1,0,0,0,0,0,0,0
PET54,26,24,0,1,3,0,36,53,38
PEX1,30,34,0,2,1,0,74,95,49
PEX11,16,21,0,0,0,0,24,25,21
PEX12,10,8,0,0,0,0,15,6,3
PEX14,31,31,0,0,0,0,33,26,42
PEX15,4,4,0,0,0,0,1,11,5
PEX18,8,2,3,4,9,17,4,6,4
PEX2,25,44,0,1,0,0,53,62,75
PEX21,5,2,2,2,0,2,0,0,0
PEX25,16,23,0,0,0,2,14,10,14
PEX27,11,12,0,0,1,3,15,8,16
PEX28,21,12,61,39,67,65,27,38,18
PEX3,7,23,0,0,0,3,20,16,16
PEX30,18,14,0,0,0,3,21,24,22
PEX31,9,24,3,0,0,9,4,1,6
PEX35,33,48,0,1,37,0,25,24,22
PEX4,3,0,0,0,0,2,8,6,6
PEX5,26,11,2,4,0,2,31,26,27
PEX7,0,0,0,0,0,0,7,0,0
PEX8,4,0,8,7,5,19,6,11,3
PEX9,37,25,99,6,119,12,39,48,34
PFA3,0,0,0,0,0,0,0,1,0
PFA5,9,10,5,3,5,27,9,12,5
PFF1,5,0,16,4,20,24,4,7,0
PFK26,8,5,0,0,0,6,2,7,4
PFK27,7,15,0,0,2,0,6,21,18
PFU1,25,68,10,10,19,54,6,14,14
PGM1,0,0,0,0,0,0,0,2,0
PGM2,5,14,0,0,0,1,9,3,3
PGU1,11,2,3,9,2,19,2,1,2
PHD1,7,13,170,51,118,248,2,6,0
PHM6,31,45,9,6,0,12,17,6,12
PHM7,5,2,0,0,0,0,21,15,6
PHM8,13,46,6,9,6,6,3,8,8
PHO13,13,29,0,3,4,1,9,18,4
PHO2,0,0,0,0,0,0,1,0,0
PHO23,6,7,0,0,1,0,6,10,14
PHO3,18,11,0,2,1,0,22,29,35
PHO8,18,26,2,1,0,2,13,18,10
PHO84,5,18,0,0,0,0,3,2,6
PHO86,2,6,0,0,0,0,0,0,0
PHO87,5,29,19,14,2,7,3,8,2
PHO89,18,32,1,1,1,0,26,24,32
PHO90,3,3,6,3,1,18,3,2,4
PHO91,6,17,80,54,51,120,23,20,26
PHR1,5,2,34,4,7,7,13,23,1
PIB1,11,10,10,10,13,49,0,3,3
PIC2,13,11,0,0,0,0,7,11,13
PIG1,57,65,4,5,0,9,17,40,59
PIG2,18,16,2,2,4,7,16,15,23
PIH1,2,0,0,0,0,0,0,0,2
PIL1,5,3,3,79,2,2,0,0,0
PIR1,6,20,1,0,0,0,27,19,34
PIR3,16,13,0,1,0,0,11,9,7
PIR5,6,6,2,1,0,0,1,4,2
PKH2,2,2,0,0,0,0,0,4,3
PLB1,15,18,0,1,0,0,32,10,16
PLB2,15,11,87,77,85,62,22,23,20
PLB3,13,18,0,1,0,0,27,23,31
PLC1,5,11,0,0,1,0,6,4,5
PLM2,10,14,0,0,0,0,25,21,28
PLN1,6,2,10,34,5,22,0,0,0
PLS1,115,161,64,82,15,42,61,84,78
PMA2,74,99,0,5,4,1,77,91,89
PMD1,19,44,1,4,2,0,41,43,34
PML1,12,34,0,0,1,0,19,27,36
PML39,8,6,2,15,0,21,0,0,2
PMP2,17,9,0,3,1,0,28,16,23
PMS1,6,1,67,215,120,34,4,6,5
PMT1,6,13,0,0,1,0,5,6,7
PMT2,13,10,0,1,0,2,0,4,9
PMT5,45,58,9,38,34,24,21,34,18
PMT6,10,26,5,6,7,18,4,8,8
PMT7,35,74,5,4,2,5,64,44,62
PNG1,6,0,31,16,12,21,2,4,1
PNP1,2,18,4,4,0,4,3,9,7
PNT1,1,3,0,0,0,2,2,0,7
POA1,22,54,1,2,0,1,40,38,28
POC4,0,8,0,0,2,0,2,2,0
POF1,9,9,0,4,0,2,0,5,8
POG1,51,47,5,3,73,33,17,50,29
POL32,7,2,1,0,0,0,2,4,10
POM152,13,24,0,0,0,2,17,19,15
POM34,8,22,0,0,0,0,20,16,17
POP2,0,0,0,0,0,0,0,0,1
POR2,17,25,0,2,0,0,18,25,19
POT1,7,3,0,0,2,2,8,10,12
PPA2,0,2,0,0,0,0,0,0,0
PPE1,9,12,4,0,0,9,2,2,6
PPH21,6,15,2,3,5,12,0,0,0
PPM1,10,19,1,0,0,0,7,21,9
PPM2,12,26,0,1,1,0,39,23,27
PPS1,4,5,2,0,0,7,6,8,2
PPT1,2,0,13,0,0,2,2,0,5
PPZ1,3,6,0,0,1,0,11,16,3
PPZ2,14,20,1,1,5,0,22,46,46
PRD1,15,20,2,0,0,0,26,10,12
PRE9,1,2,0,0,0,0,0,2,0
PRK1,63,55,2,5,0,1,58,82,58
PRM1,19,45,0,0,4,2,38,33,45
PRM10,8,8,0,2,4,3,9,2,9
PRM15,20,19,2,1,0,4,27,24,35
PRM4,12,6,0,0,0,0,10,4,3
PRM6,5,6,1,1,0,0,19,35,32
PRM7,16,26,0,2,0,0,7,12,16
PRM9,23,37,2,2,2,3,12,22,34
PRR1,4,4,1,0,0,5,4,9,5
PRS3,2,0,0,0,0,0,0,2,0
PRS5,0,4,0,0,0,0,0,0,2
PRY1,16,28,0,0,0,0,15,40,9
PRY2,9,6,6,2,7,14,2,0,4
PRY3,7,16,0,0,0,0,4,3,6
PSD1,17,14,0,1,0,0,31,16,49
PSD2,6,15,3,2,3,3,0,0,2
PSG1,5,4,0,0,1,0,21,19,11
PSH1,17,10,0,0,0,1,11,10,12
PSK1,6,16,14,7,8,37,1,2,0
PSK2,20,18,2,2,2,20,16,17,18
PSO2,11,21,1,6,2,7,3,11,7
PSP1,13,19,0,1,0,0,13,17,13
PSP2,13,24,2,1,1,1,47,30,26
PSR1,16,17,2,5,2,8,16,18,12
PSR2,19,25,4,5,3,2,88,47,61
PST1,17,12,1,0,0,0,15,20,13
PSY1,1,2,0,2,0,0,0,0,2
PSY3,6,10,7,9,15,44,6,7,5
PTC1,2,0,0,0,0,0,2,0,0
PTC2,104,108,10,7,9,7,65,105,114
PTC4,16,34,0,2,0,12,23,21,14
PTC6,15,31,2,0,0,27,10,28,21
PTH4,23,18,0,0,0,0,29,35,34
PTK1,24,29,19,24,22,27,20,40,42
PTK2,12,11,0,0,0,0,15,20,4
PTM1,16,23,0,3,0,0,32,47,37
PTP1,11,30,4,1,2,0,6,6,6
PTP2,13,35,0,0,0,0,15,26,12
PTP3,0,4,0,0,0,0,0,0,0
PTR2,8,8,0,0,1,2,1,5,2
PUB1,7,8,0,0,0,0,17,6,5
PUF2,15,16,5,7,3,21,2,2,5
PUF3,21,36,2,30,20,11,14,12,13
PUF6,4,3,0,0,0,0,3,6,8
PUG1,0,2,0,0,0,0,0,0,3
PUL4,6,23,4,2,0,9,3,3,4
PUN1,16,7,9,7,4,20,0,0,0
PUS4,20,27,0,3,4,1,17,19,16
PUS5,5,7,6,9,23,35,2,2,0
PUS6,5,9,2,0,0,0,5,0,5
PUS7,0,0,0,0,0,0,0,0,2
PUS9,7,16,0,2,0,2,13,18,20
PUT1,14,15,0,0,0,1,14,17,13
PUT2,22,21,3,3,7,33,11,12,9
PUT3,8,17,0,3,1,0,12,24,18
PUT4,27,38,0,2,0,1,24,28,30
PXA1,7,8,0,0,0,1,5,3,22
PXA2,15,32,1,0,1,2,16,21,26
PXL1,4,9,1,0,0,0,1,6,10
PXP1,54,54,1,2,6,6,46,51,41
PXP2,2,4,0,0,0,0,4,3,4
PXP3,0,0,29,20,32,46,5,14,10
PYC2,17,26,0,2,0,1,30,43,42
PYK2,13,22,0,0,0,0,24,3,15
PYP1,38,39,0,0,4,3,27,24,40
QCR10,6,1,2,6,0,9,0,0,0
QCR7,4,0,0,0,0,0,0,0,2
QCR8,0,0,0,0,0,0,8,0,0
QDR1,23,25,3,17,6,6,36,16,39
QDR2,6,4,0,0,1,0,0,2,2
QDR3,4,9,0,0,1,0,12,6,11
QRI5,0,2,0,0,0,0,0,0,0
QRI7,2,0,0,0,0,0,4,2,0
RAD10,2,0,0,0,0,0,0,2,2
RAD16,4,10,20,21,19,21,4,9,14
RAD18,7,20,1,1,1,0,3,2,12
RAD2,9,15,51,6,3,13,0,2,0
RAD26,17,18,6,5,5,28,14,0,3
RAD27,7,13,0,0,0,0,4,7,13
RAD28,19,35,0,0,2,1,5,26,17
RAD33,2,4,0,0,0,0,2,0,0
RAD34,39,53,4,4,0,0,33,42,45
RAD4,61,105,3668,1613,2550,4073,36,38,51
RAD5,6,11,0,0,0,0,12,9,6
RAD51,1,3,0,0,0,0,6,0,2
RAD52,0,1,1,0,0,0,0,0,4
RAD54,5,12,0,0,0,0,8,11,2
RAD55,3,13,0,0,1,2,2,11,5
RAD57,5,0,4,0,0,2,2,0,0
RAD59,2,4,2,2,2,29,0,4,3
RAD61,5,8,2,1,0,12,7,5,3
RAD7,9,3,0,1,0,0,9,5,8
RAI1,0,0,0,0,0,0,4,0,1
RAS1,11,18,4,1,2,2,4,2,4
RAS2,2,16,31,4,2,12,6,7,6
RAV1,13,10,0,0,0,0,8,17,10
RAV2,3,4,0,0,0,0,2,2,2
RBD2,18,16,2,4,0,8,21,26,33
RBG1,14,17,4,0,1,3,6,7,6
RBG2,8,15,0,0,0,2,4,4,3
RBH1,19,18,5,1,5,12,7,10,2
RBK1,5,16,0,0,0,0,0,0,8
RBL2,10,16,0,2,0,0,4,8,10
RBS1,21,21,0,3,0,2,119,53,62
RCE1,30,32,0,2,3,1,19,27,17
RCF1,0,0,0,0,0,0,0,1,0
RCF2,1,4,0,0,0,0,4,0,2
RCH1,0,4,0,0,0,0,6,8,5
RCI37,22,18,88,51,126,119,59,82,55
RCI50,13,27,0,1,2,0,37,32,31
RCM1,9,15,7,7,2,10,0,15,5
RCO1,4,13,6,2,4,0,7,7,9
RCR1,0,1,0,4,0,8,0,0,0
RCY1,0,0,0,0,0,0,14,16,8
RDH54,2,2,0,0,0,1,2,5,6
RDL1,13,16,7,0,2,2,13,13,21
RDL2,15,25,6,6,1,4,25,4,13
RDR1,24,17,0,0,2,0,19,27,35
RDS2,19,42,0,4,0,0,29,21,29
REC114,11,15,1,0,0,0,12,9,12
REC8,14,10,0,0,0,0,21,11,17
RED1,33,39,0,5,8,3,10,8,16
REE1,4,8,0,6,4,7,0,2,2
REG1,0,2,0,2,0,0,1,0,0
REG2,3,11,0,0,0,0,10,10,10
REH1,7,8,1,0,0,0,12,17,11
REI1,11,7,2,0,0,0,6,6,8
RER1,24,25,2,6,0,3,7,11,8
REV3,47,83,2,1,2,4,108,85,104
REX3,39,43,1,3,0,1,40,14,38
REX4,21,33,0,0,0,0,34,24,33
RFM1,1,6,0,0,0,0,10,11,21
RFS1,9,8,0,0,2,2,2,20,5
RFX1,3,4,0,2,4,10,2,7,4
RGA2,13,8,0,0,4,0,18,14,14
RGD1,9,12,1,0,1,0,22,22,11
RGD2,14,28,12,5,3,15,4,6,4
RGD3,26,36,1,0,0,1,51,28,36
RGI1,8,2,2,1,0,5,2,2,0
RGI2,13,26,0,1,1,0,9,23,29
RGM1,10,20,0,0,0,0,17,24,16
RGP1,24,25,0,0,0,0,37,18,34
RGR1,0,0,0,0,1,0,0,0,0
RGS2,3,14,2,0,0,2,7,14,9
RGT1,8,8,0,0,0,0,4,13,10
RHB1,5,15,0,3,1,3,13,8,13
RHO2,5,2,0,5,0,9,0,0,2
RIC1,7,2,0,0,0,0,17,7,12
RIE1,15,18,58,29,31,54,16,12,19
RIF1,15,11,0,0,0,0,16,22,38
RIF2,11,5,1,4,8,30,1,0,0
RIM101,39,66,4,5,2,0,122,155,139
RIM11,8,12,4,1,0,6,4,0,2
RIM13,8,8,0,0,0,5,11,22,18
RIM15,68,111,143,365,52,195,31,48,35
RIM20,9,15,0,1,1,4,28,34,21
RIM21,10,10,0,0,1,0,40,38,25
RIM4,0,6,2,2,1,23,1,0,0
RIM9,5,16,0,2,0,0,35,24,38
RKM1,41,45,3,4,0,0,65,66,58
RKM3,0,8,0,0,0,0,9,4,2
RKM4,10,6,0,2,1,12,4,4,4
RKM5,0,20,0,0,0,0,12,19,21
RKR1,37,42,0,4,0,2,49,39,19
RLM1,15,5,52,2,1,12,4,6,0
RMA1,12,19,0,1,0,2,5,8,11
RMD1,2,2,0,0,0,0,14,10,10
RMD5,0,1,0,0,0,0,1,2,0
RMD6,9,15,21,21,22,21,0,4,4
RME1,3,6,18,15,31,23,6,5,10
RNH201,5,8,0,5,1,5,11,2,6
RNH203,23,39,2,3,6,6,33,39,18
RNH70,9,11,9,15,4,20,3,2,0
RNP1,2,6,6,1,2,9,2,8,2
RNQ1,0,0,0,0,0,0,0,0,1
RNR3,27,40,15,19,30,17,5,9,10
ROD1,18,54,0,1,1,0,21,44,36
ROF1,11,10,13,2,2,7,0,7,0
ROG3,36,46,2,4,0,0,33,45,68
ROQ1,17,23,47,4,152,35,5,15,17
ROT2,16,19,0,5,1,0,25,18,22
ROX1,16,21,1,0,1,0,6,6,9
ROY1,30,27,0,2,1,0,40,41,40
RPA12,13,11,0,1,0,0,3,12,5
RPA14,12,11,0,3,0,0,2,11,2
RPA34,30,20,11,0,29,0,3,7,4
RPB9,0,0,0,0,0,0,3,0,0
RPE1,2,8,0,0,0,0,12,3,4
RPI1,9,15,1,0,0,0,2,4,10
RPL11B,0,1,0,0,0,0,2,0,0
RPL12A,9,6,0,0,1,1,11,21,19
RPL12B,1,2,0,2,1,0,0,0,0
RPL13A,9,4,0,0,0,0,6,0,0
RPL13B,0,2,0,0,0,0,2,0,1
RPL14A,2,2,0,0,0,0,2,4,0
RPL15B,7,15,0,2,0,0,9,10,10
RPL16A,3,6,3,5,6,33,6,2,1
RPL16B,0,3,0,0,0,0,3,6,0
RPL17B,4,9,8,2,5,4,10,6,11
RPL18B,30,20,0,0,1,2,21,19,19
RPL19A,2,0,0,0,0,0,3,0,2
RPL1A,15,33,22,6,8,13,7,16,9
RPL20A,0,1,0,0,0,0,5,0,0
RPL21A,3,12,0,0,0,0,0,0,0
RPL21B,0,5,0,1,0,1,0,0,3
RPL22B,13,9,0,0,2,0,5,18,26
RPL24B,3,4,0,0,0,0,1,4,0
RPL26A,5,5,0,0,4,0,4,9,0
RPL26B,18,9,0,0,0,0,3,17,7
RPL2A,10,18,0,1,0,0,19,21,44
RPL31B,7,4,0,3,0,0,5,6,7
RPL33B,1,0,0,0,0,0,0,0,0
RPL34A,1,4,0,0,0,0,6,2,7
RPL34B,5,11,0,2,0,0,0,0,2
RPL35A,15,26,1,0,0,0,19,22,7
RPL35B,3,10,0,0,0,0,16,4,14
RPL36A,6,13,0,1,0,0,0,11,11
RPL37B,2,5,1,2,0,0,12,13,7
RPL38,3,3,3,1,5,6,0,4,0
RPL40A,4,10,0,3,0,5,27,32,33
RPL40B,10,8,0,3,1,0,10,12,11
RPL41A,20,78,0,38,5,8,46,41,83
RPL41B,1,3,2,2,0,2,0,0,0
RPL43A,0,0,0,0,0,0,5,0,6
RPL43B,10,20,4,8,8,1,25,24,23
RPL4A,0,4,0,0,0,0,2,6,4
RPL6A,10,8,0,0,1,0,0,2,2
RPL6B,5,4,0,1,0,0,0,0,0
RPL8A,2,4,0,0,2,0,0,0,2
RPL9A,7,15,2,0,2,0,8,8,2
RPN13,14,13,14,11,15,41,2,6,3
RPN4,4,0,4,1,2,2,9,12,14
RPP1A,0,2,0,0,0,0,2,4,2
RPP1B,8,2,0,4,0,2,18,10,8
RPP2A,10,13,0,0,0,2,18,6,14
RPS0A,6,14,0,0,1,0,2,2,3
RPS10B,1,5,0,0,0,0,3,2,11
RPS11A,2,0,0,0,0,0,0,0,0
RPS14A,5,6,0,0,0,0,10,14,21
RPS14B,6,10,51,57,80,38,13,18,28
RPS16A,4,0,0,0,0,0,4,12,4
RPS17A,2,0,0,0,0,0,4,1,0
RPS18B,40,39,1,0,3,0,16,48,48
RPS19A,17,4,0,0,0,0,7,7,6
RPS1A,2,8,1,2,0,0,0,0,5
RPS21B,2,1,0,0,0,4,2,3,7
RPS22B,12,12,0,0,0,0,16,16,21
RPS24B,10,10,74,63,96,37,2,0,5
RPS25A,3,2,0,1,0,0,0,1,2
RPS26B,2,9,1,3,0,0,13,12,6
RPS27A,8,8,2,2,0,7,6,2,6
RPS27B,0,2,0,0,0,0,2,7,2
RPS28A,6,2,0,0,0,0,7,7,4
RPS28B,2,3,0,0,3,2,8,10,2
RPS29A,5,2,0,0,0,0,2,8,0
RPS30A,0,0,5,4,0,1,6,10,4
RPS30B,15,18,2,2,4,0,10,14,17
RPS4A,9,14,0,0,0,0,2,4,0
RPS6A,3,7,0,0,0,0,19,21,14
RPS6B,2,4,0,0,0,0,4,5,3
RPS7A,0,0,0,0,0,0,0,2,2
RPS9B,0,2,0,0,0,0,0,0,1
RQC1,0,22,4,16,7,13,4,9,14
RRD1,0,0,0,1,0,0,2,0,2
RRD2,5,2,2,1,2,8,0,4,2
RRF1,0,1,0,0,0,1,0,0,0
RRI2,1,4,1,0,2,13,0,0,0
RRM3,0,0,2,2,0,6,0,0,0
RRP8,2,0,0,0,0,0,0,1,0
RRT12,18,15,1,6,10,8,16,20,42
RRT13,5,8,0,1,0,0,12,16,11
RRT16,2,1,0,8,2,7,0,3,3
RRT2,11,11,0,0,0,0,8,10,22
RRT6,33,58,0,4,3,0,43,62,46
RRT7,21,21,6,6,0,6,4,2,0
RSA3,0,1,0,0,0,0,0,8,4
RSF1,3,2,0,0,2,0,11,4,10
RSF2,9,19,8,0,17,7,11,23,16
RSM22,2,3,0,0,0,0,13,10,9
RSM25,22,30,4,8,2,4,2,6,7
RSO55,10,8,2,0,0,0,2,1,8
RSR1,42,36,1,7,2,6,42,57,74
RTA1,3,1,0,0,0,0,4,9,8
RTC1,18,11,0,0,0,0,7,14,8
RTC2,13,2,1,0,0,0,30,18,29
RTC3,2,2,0,0,0,0,5,0,5
RTC4,21,17,0,0,2,4,6,16,28
RTC6,32,27,2,8,4,1,4,1,2
RTG2,17,5,0,1,1,0,35,12,25
RTG3,3,4,0,0,0,0,17,5,6
RTK1,16,17,1,1,4,3,34,28,23
RTN1,17,46,0,1,0,3,39,38,48
RTN2,33,41,0,2,3,0,40,52,62
RTR1,43,61,0,0,2,2,23,31,18
RTR2,7,2,0,9,1,3,0,2,6
RTS1,1,0,0,0,0,0,2,0,0
RTS3,74,69,3,8,6,1,67,93,85
RTT10,3,1,0,0,2,2,0,2,0
RTT101,11,11,0,2,0,0,4,5,8
RTT102,0,2,0,0,0,0,0,0,2
RTT107,1,8,0,0,0,0,3,9,4
RTT109,6,2,0,0,0,0,1,1,2
RUD3,3,9,0,2,1,0,1,4,8
RVS161,0,2,0,0,0,0,0,0,0
RVS167,20,32,2,0,0,0,138,99,108
RXT3,7,21,4,0,3,0,23,16,22
SAC1,10,1,0,0,0,0,7,8,8
SAE3,39,74,2,0,2,0,53,48,54
SAF1,9,16,0,2,2,9,7,4,5
SAG1,9,19,0,0,0,0,14,7,31
SAK1,31,39,0,0,2,1,23,34,42
SAM1,4,14,0,0,0,0,0,3,7
SAM2,59,82,2,5,3,2,62,81,85
SAM3,8,29,13,10,6,5,3,9,10
SAM37,0,8,0,1,0,0,2,2,5
SAN1,33,29,0,2,1,2,23,36,22
SAP185,5,10,6,8,20,40,21,25,20
SAP190,1,2,0,4,0,2,0,3,0
SAS4,0,0,11,1,4,13,0,0,0
SAS5,2,4,2,0,0,0,0,3,5
SAT4,10,9,3,2,6,3,4,6,2
SAW1,9,3,43,135,64,32,20,18,9
SAY1,41,42,0,2,1,1,36,62,41
SBA1,16,10,0,4,0,1,4,15,22
SBE2,11,12,0,1,0,6,19,8,10
SBE22,10,2,0,2,2,9,0,0,4
SBH1,103,128,11,21,22,11,62,105,125
SBH2,4,7,0,0,0,0,10,4,0
SBP1,11,29,80,125,201,185,25,40,34
SCJ1,6,4,7,45,31,6,6,9,1
SCM4,14,9,0,0,3,0,22,10,19
SCO2,17,30,0,4,0,3,24,23,26
SCS2,51,47,4,6,0,0,112,119,118
SCS22,19,10,4,11,3,9,8,4,9
SCS3,23,31,5,0,0,0,24,33,24
SCS7,5,6,0,0,0,0,8,7,9
SCW10,15,23,2,1,0,0,20,21,16
SCW4,31,41,0,1,0,2,43,56,46
SDC1,9,14,0,0,0,0,3,2,2
SDC25,22,46,1,0,2,9,19,36,39
SDD1,7,2,0,2,0,2,2,2,1
SDD2,20,44,0,0,5,6,25,57,42
SDD3,25,40,14,5,13,27,8,20,22
SDD4,0,0,0,0,0,0,0,0,2
SDH1,3,17,0,0,1,1,7,16,12
SDH2,11,16,0,0,2,0,15,6,16
SDH5,0,0,0,0,0,0,0,6,4
SDH7,17,20,0,1,0,2,6,16,18
SDH8,5,14,0,0,6,8,13,15,8
SDH9,93,123,1,5,10,6,126,166,134
SDL1,14,9,1,13,2,15,17,36,22
SDS24,22,33,9,7,0,23,12,8,6
SDS3,62,43,9,14,1,14,7,7,11
SEA4,6,7,0,0,3,0,0,2,0
SEC22,14,10,1,1,0,4,14,20,20
SEC66,3,9,2,1,2,0,10,12,15
SEC72,18,22,1,3,0,4,23,32,30
SED4,25,44,2,95,0,5,14,13,10
SEG2,19,20,2,1,1,0,31,31,33
SEI1,50,44,0,0,3,0,42,35,48
SEO1,149,206,3224,1014,2394,3491,154,281,262
SER1,2,2,0,4,8,0,7,4,4
SER2,2,0,0,1,0,12,2,0,0
SER3,6,8,0,2,0,0,15,7,5
SER33,25,39,0,2,1,0,38,58,38
SET2,2,2,35,87,96,26,3,1,1
SET3,7,19,3,0,2,1,20,24,23
SET4,18,21,1,0,0,0,29,28,29
SET5,17,36,0,0,0,2,33,55,30
SET6,26,24,0,0,3,0,10,13,35
SEY1,5,5,0,0,0,0,6,16,6
SFA1,14,8,0,2,0,2,23,20,19
SFB2,8,6,22,20,33,23,7,9,15
SFG1,12,16,0,3,0,0,9,17,21
SFH5,6,12,2,0,1,5,7,5,3
SFK1,14,24,15,4,5,16,8,8,10
SFL1,5,8,0,1,4,13,0,0,0
SFM1,8,2,0,0,0,0,18,18,18
SFT2,26,27,4,2,0,2,17,4,5
SGA1,5,8,0,1,0,0,3,4,6
SGF29,16,13,0,0,2,0,5,6,4
SGM1,8,17,1,0,2,0,6,16,19
SGN1,19,6,59,45,56,34,40,21,22
SGS1,10,17,0,0,0,0,17,13,11
SGT2,25,17,1,0,0,0,12,26,23
SHC1,23,21,0,2,0,0,19,39,20
SHE10,7,16,0,1,1,0,15,22,40
SHE2,16,41,0,2,0,0,22,20,20
SHE3,3,3,0,0,0,0,4,8,2
SHE9,2,0,0,0,0,0,4,6,2
SHG1,2,18,0,0,1,1,4,9,15
SHH3,14,10,0,0,0,0,12,16,8
SHH4,31,28,31,15,20,22,11,11,27
SHM1,8,6,0,2,0,0,4,11,13
SHM2,23,26,2,1,0,0,36,48,19
SHO1,27,20,3,6,14,24,9,13,19
SHU1,1,4,24,35,60,40,8,8,12
SHU2,0,0,0,0,0,0,2,4,1
SHY1,0,2,0,0,0,0,0,2,0
SIC1,6,5,0,0,0,0,0,3,2
SIL1,8,3,0,0,0,2,21,19,13
SIP18,0,2,0,0,0,0,4,2,4
SIP2,18,25,4,5,0,10,8,12,14
SIP3,11,35,0,0,0,0,50,48,62
SIP4,12,21,0,7,5,10,23,27,22
SIP5,20,33,2,5,5,6,47,49,41
SIR1,8,13,0,0,0,0,6,8,11
SIR2,2,22,0,0,2,0,0,4,2
SIR3,7,24,2,1,1,1,11,6,3
SIR4,15,19,3,5,2,4,8,4,4
SIS2,0,9,0,0,1,1,0,1,2
SIT1,9,12,91,111,8,102,0,3,2
SIZ1,0,0,0,0,0,1,0,0,0
SKA1,13,5,2,5,2,9,14,6,16
SKG3,0,0,9,0,5,7,0,0,0
SKI2,7,4,0,0,0,0,11,27,12
SKI7,7,2,0,0,1,0,8,9,2
SKI8,3,0,0,0,0,0,4,6,7
SKM1,15,17,17,9,10,48,3,6,9
SKN1,9,7,0,0,2,0,28,25,24
SKN7,9,9,7,5,3,4,1,9,4
SKO1,9,14,1,2,0,7,1,2,0
SKP2,15,28,0,0,0,0,24,12,21
SKY1,0,6,0,0,0,0,0,0,1
SLC1,13,12,0,1,0,0,6,6,2
SLF1,48,92,0,2,0,1,40,40,56
SLG1,4,6,0,0,0,0,5,8,1
SLH1,20,19,0,1,0,1,47,49,51
SLI1,4,4,67,52,68,51,9,13,18
SLK19,2,11,0,2,0,0,12,12,16
SLM1,2,2,0,2,3,16,0,3,0
SLM2,65,64,34,24,32,65,29,57,47
SLM3,5,0,0,0,0,0,3,4,9
SLM4,6,0,2,5,0,0,0,0,0
SLX1,25,10,10,6,10,8,0,13,3
SLX4,19,20,1,2,0,0,15,28,44
SLX5,0,3,0,0,0,0,1,4,0
SLX8,6,12,4,6,5,12,16,14,13
SLY41,22,22,2,2,4,0,33,27,42
SMA1,12,11,0,2,4,1,17,32,21
SMA2,5,18,0,1,0,0,15,13,6
SMF1,13,8,0,0,0,2,11,8,16
SMF3,7,12,2,2,11,36,15,22,12
SMI1,39,31,0,4,3,0,27,27,27
SMK1,2,0,3,2,4,6,0,2,0
SML1,24,21,2,6,1,14,19,32,13
SMM1,9,9,0,0,0,0,2,15,12
SMP1,14,19,0,1,8,2,24,18,32
SMT1,7,12,0,0,0,0,4,4,0
SMU2,22,19,0,0,0,0,13,23,20
SMY1,16,17,0,0,0,0,19,30,22
SMY2,5,6,0,2,1,0,0,1,1
SNA3,9,11,7,5,6,14,0,2,0
SNA4,9,14,62,79,74,56,9,10,11
SNC1,24,31,9,20,17,23,12,23,36
SNC2,0,3,0,0,0,0,3,4,0
SND1,2,8,64,49,41,50,20,6,25
SNF11,9,19,0,8,2,3,0,5,5
SNF3,5,6,0,0,0,0,10,10,10
SNF7,0,2,0,0,0,0,5,10,4
SNL1,15,20,0,9,1,21,6,2,2
SNN1,12,15,1,0,0,0,18,29,24
SNO1,9,9,0,0,2,0,2,1,2
SNO4,12,17,0,0,0,2,10,11,15
SNQ2,36,27,0,2,0,2,41,22,18
SNT1,32,43,17,2,66,54,35,40,30
SNT2,18,32,61,14,4,49,6,5,0
SNT309,0,0,0,0,0,0,5,2,0
SNU66,2,5,0,0,0,0,13,6,10
SNX3,12,11,0,0,0,1,30,37,17
SNX4,4,10,1,1,0,0,10,6,8
SNX41,25,10,0,3,0,0,29,25,27
SNZ1,0,1,0,0,0,0,0,0,0
SOA1,1,7,1,1,6,2,1,4,7
SOD1,0,9,0,0,1,0,3,6,4
SOD2,6,10,0,0,0,0,0,13,4
SOK1,11,11,0,0,1,2,24,22,21
SOL1,1,10,42,41,61,29,11,21,26
SOL2,0,3,0,2,2,3,2,6,4
SOL3,7,12,6,3,4,18,2,2,0
SOL4,19,15,4,5,3,27,0,0,3
SOM1,3,19,0,0,0,0,9,3,1
SOP4,13,32,734,268,709,604,2,20,7
SPC2,6,8,0,1,1,1,16,5,11
SPE1,18,7,0,9,4,7,4,5,9
SPE2,18,13,1,3,0,6,30,35,26
SPE4,4,7,0,0,0,0,9,11,15
SPG4,41,40,0,1,7,1,38,53,70
SPG5,20,14,0,3,17,7,20,16,42
SPH1,5,19,0,2,2,4,4,18,14
SPI1,35,35,148,209,153,163,79,73,83
SPL2,2,16,0,4,0,1,5,5,7
SPO1,34,37,0,5,1,0,29,39,36
SPO11,10,8,39,12,33,22,6,9,9
SPO12,12,28,10,11,5,49,8,16,11
SPO16,0,2,1,0,0,4,0,0,0
SPO20,19,29,4,1,6,7,17,33,20
SPO21,12,27,167,162,173,162,48,43,55
SPO23,3,4,7,9,5,19,0,4,1
SPO71,11,10,0,0,0,0,7,10,9
SPO73,9,6,0,0,0,0,5,11,6
SPO74,17,17,2,1,0,0,23,22,13
SPO75,5,9,14,4,13,24,2,6,5
SPO77,10,21,2,0,3,9,11,7,7
SPP1,33,26,0,0,0,0,2,9,14
SPR1,25,31,0,2,0,0,12,30,18
SPR6,17,16,5,147,1,16,1,5,6
SPS1,0,1,0,0,0,0,13,2,3
SPS100,7,14,29,27,59,34,2,2,1
SPS2,28,25,5,11,8,28,9,12,19
SPS22,31,33,2,0,4,1,23,22,66
SPT2,0,0,0,0,0,0,2,0,0
SPT4,2,7,0,0,0,0,2,1,0
SPT8,1,8,0,1,0,0,0,2,0
SRB8,8,11,0,1,0,0,27,21,15
SRL1,14,11,1,0,1,0,5,23,14
SRL2,35,34,3,10,3,11,24,30,39
SRL3,34,25,0,0,2,0,35,39,59
SRO7,32,35,38,0,8,5,11,22,12
SRO77,5,4,28,60,21,76,9,5,4
SRO9,1,6,0,0,0,0,12,2,9
SRS2,17,4,1,0,0,0,16,23,9
SRT1,9,9,0,1,0,2,30,21,19
SRY1,21,13,7,10,8,29,3,0,4
SSA1,1,4,2,2,2,8,1,0,0
SSA2,6,8,0,3,0,2,0,0,2
SSA4,4,8,0,0,0,0,5,10,16
SSB1,2,0,2,0,0,0,2,0,2
SSD1,8,1,0,13,0,17,0,0,5
SSE2,0,11,0,2,0,1,8,11,4
SSF2,8,12,0,0,2,1,13,6,4
SSH4,0,9,6,1,2,2,4,4,11
SSK1,31,21,6,3,3,11,9,20,21
SSK2,2,18,0,2,0,2,12,10,22
SSK22,10,21,0,0,1,0,4,24,10
SSM4,10,19,0,10,2,3,8,14,10
SSN2,12,13,5,0,0,2,27,25,16
SSO2,27,18,2,0,0,0,23,13,24
SSP1,31,43,32,44,48,21,63,71,91
SSP120,7,12,0,0,2,2,3,13,1
SSP2,9,6,0,0,2,1,18,15,10
SSQ1,0,0,0,0,0,0,2,0,0
SST2,4,4,4,2,7,1,16,10,8
SSU1,21,21,3,10,4,15,9,19,15
SSZ1,0,0,0,2,0,0,0,0,5
STB1,5,9,2,0,0,0,14,10,12
STB2,31,37,0,2,1,0,33,33,35
STB3,2,8,0,0,6,5,0,2,1
STB4,21,30,0,2,0,0,44,49,45
STB5,3,2,0,0,0,0,2,0,7
STB6,57,58,5,2,3,7,45,61,67
STD1,2,3,0,0,0,1,9,8,9
STE11,8,24,1,1,1,0,1,20,5
STE13,14,23,0,0,0,2,17,11,12
STE14,47,29,0,0,0,0,20,39,38
STE2,13,28,3,0,1,2,19,21,32
STE20,6,2,23,5,15,15,6,6,3
STE23,52,64,9,8,3,19,26,36,19
STE24,17,28,5,1,3,0,6,10,4
STE3,17,30,0,0,0,0,24,29,24
STE4,8,13,0,3,3,0,11,16,12
STE7,28,29,0,1,0,1,10,13,20
STF2,13,23,3,8,10,6,13,8,17
STI1,14,26,0,0,2,0,33,45,29
STO1,4,2,0,0,0,0,0,0,4
STP2,5,9,0,0,0,0,4,2,2
STP22,0,0,0,0,0,0,3,0,1
STP3,3,18,2,0,0,6,11,10,13
STP4,13,15,0,1,1,2,21,26,18
STR2,0,1,0,0,0,0,2,0,0
STV1,32,42,50,2,4,17,21,43,23
SUB1,23,41,0,0,2,0,19,26,30
SUC2,8,19,3,1,0,21,6,14,8
SUL1,22,14,0,6,5,0,21,31,37
SUM1,15,28,0,0,0,0,50,39,28
SUR7,25,32,4,14,3,10,22,49,33
SUS1,2,0,0,0,0,0,0,0,0
SVF1,3,15,0,0,0,0,21,10,23
SVP26,18,17,0,1,0,0,23,30,21
SVS1,12,19,0,2,0,1,17,7,7
SWA2,20,26,0,1,1,4,37,31,20
SWC3,7,15,0,3,0,14,2,4,2
SWC5,10,12,2,3,1,9,4,7,5
SWC7,36,41,19,14,18,39,7,16,12
SWD1,6,28,0,0,0,0,6,0,3
SWD3,28,50,1,2,2,0,9,21,22
SWE1,9,8,0,0,3,6,0,0,2
SWF1,5,5,0,0,0,1,3,0,2
SWH1,5,7,0,4,2,9,2,7,7
SWI4,7,11,0,0,1,2,2,4,7
SWM2,7,0,0,0,0,0,0,2,2
SWP82,12,38,0,0,0,2,6,10,5
SWR1,7,35,6,0,1,8,5,11,17
SWT1,12,19,0,3,0,4,22,20,8
SXM1,12,19,1,1,1,0,9,15,8
SYC1,4,6,0,0,0,0,4,0,1
SYG1,1,2,0,0,0,0,0,0,0
SYH1,36,32,2,2,5,79,14,35,18
SYN8,17,22,9,14,9,29,3,11,2
SYP1,5,16,161,11,10,127,9,3,7
SYS1,113,166,3,5,3,3,287,269,224
SYT1,12,5,3,2,0,12,0,5,1
TAD1,53,58,1,0,5,0,38,52,62
TAE1,17,6,0,5,4,6,5,6,3
TAH1,20,38,0,4,0,0,28,24,34
TAL1,25,30,0,2,1,0,30,17,30
TAN1,13,13,0,1,0,1,3,12,18
TAT1,2,2,0,0,0,0,0,0,0
TAX4,12,19,3,115,0,8,25,21,12
TCA17,13,15,2,2,4,6,2,4,3
TCB1,0,9,0,1,0,0,5,5,7
TCB2,11,20,6,4,6,0,4,1,6
TCB3,16,30,0,2,0,0,15,24,25
TCD1,9,4,0,0,1,0,12,2,13
TCD2,11,14,0,2,0,0,13,7,29
TCM62,0,0,0,0,0,0,0,1,0
TDA1,2,0,0,0,0,2,3,4,1
TDA10,2,14,0,0,1,0,3,9,16
TDA11,19,13,0,2,1,2,16,21,5
TDA2,2,6,0,1,0,1,0,2,7
TDA4,11,25,1,4,0,0,25,25,27
TDA5,21,25,2,0,1,2,44,53,36
TDA8,14,20,0,5,3,7,0,0,0
TDA9,13,39,0,1,1,0,80,90,54
TDH1,11,0,0,1,0,0,7,12,15
TDH2,24,44,1,4,4,0,35,37,48
TDH3,3,10,0,0,0,0,2,5,7
TDP1,7,31,0,0,2,0,8,13,14
TEC1,4,4,1,0,1,0,4,4,6
TED1,27,53,179,162,202,213,39,55,53
TEF4,2,0,0,0,0,0,2,3,3
TEP1,17,4,0,1,0,0,18,18,15
TES1,26,33,0,0,3,2,28,18,39
TEX1,18,28,0,0,4,0,28,28,18
TFC3,1,3,0,0,0,2,0,0,0
TFS1,4,14,0,0,0,0,4,10,9
TGL1,13,7,2,4,5,16,2,2,3
TGL2,8,25,97,68,105,124,24,37,34
TGL3,14,12,0,0,3,0,12,7,19
TGL4,6,16,0,0,0,1,6,20,4
TGS1,2,6,0,0,0,0,6,4,0
THI12,26,20,1,0,1,2,16,19,22
THI2,10,9,0,0,1,0,6,14,15
THI20,33,38,2,0,2,2,33,25,16
THI21,17,46,0,1,0,0,28,35,38
THI4,32,33,1,2,0,0,37,36,27
THI6,38,43,0,0,1,1,30,40,39
THI7,20,2,1,0,0,0,12,13,18
THI73,16,20,0,0,0,0,13,23,19
THO1,4,36,0,1,0,1,14,2,20
THP2,1,12,0,0,0,0,5,4,6
THR1,3,10,0,0,0,0,3,11,0
THR4,16,27,6,3,3,43,0,0,0
TIF1,2,8,0,10,0,9,2,0,0
TIF2,5,19,0,0,0,2,4,6,11
TIF4631,6,20,0,0,15,0,13,5,7
TIM11,19,24,202,155,191,129,10,9,5
TIM13,1,4,0,0,0,0,3,3,2
TIM21,2,15,0,0,0,2,16,9,13
TIM8,53,48,31,0,1,0,44,62,62
TIP1,7,17,0,0,1,2,12,11,19
TIP41,8,4,0,0,0,0,17,7,17
TIR1,26,21,13,0,6,19,6,14,5
TIR2,10,15,0,0,5,2,31,14,22
TIR3,37,82,20,25,25,23,11,3,5
TIR4,2,4,0,0,0,0,4,2,6
TIS11,4,19,1,1,0,7,14,9,14
TKL1,4,2,0,0,0,0,2,4,0
TMA10,8,8,0,0,0,0,4,9,10
TMA108,4,18,24,23,67,31,23,15,25
TMA17,23,18,1,1,1,0,20,24,10
TMA20,15,24,2,1,0,0,37,52,27
TMA22,17,16,0,0,0,0,26,39,33
TMA46,38,31,0,0,0,0,70,49,60
TMA64,16,16,0,0,3,0,21,26,18
TMC1,9,12,2,1,0,0,21,23,8
TMH18,30,21,2,1,0,0,10,27,41
TMN2,10,11,2,4,26,5,4,4,4
TMN3,21,17,137,135,190,111,46,37,38
TMT1,52,86,2,3,3,0,103,96,121
TOF1,32,35,2,5,1,0,27,29,35
TOG1,132,153,6,10,12,4,147,210,203
TOH1,6,5,0,0,2,5,6,8,5
TOK1,21,14,18,6,0,11,8,3,10
TOM1,0,8,0,0,0,0,0,4,0
TOM6,8,26,1,0,1,0,22,31,14
TOR1,10,15,1,14,2,2,0,19,16
TOS3,13,21,10,5,2,16,25,26,23
TOS4,0,2,0,0,0,0,0,2,3
TOS6,30,74,0,1,1,0,43,63,43
TPA1,8,6,25,3,6,4,4,4,4
TPH3,42,77,0,6,0,2,66,82,90
TPK1,15,11,150,173,50,206,6,12,10
TPM1,2,3,0,0,0,0,4,4,5
TPM2,9,12,0,3,0,0,15,20,10
TPO1,15,30,1,3,5,29,39,56,50
TPO4,71,93,11,18,6,26,47,47,28
TPO5,11,29,0,0,1,2,7,15,10
TPP1,9,15,8,11,7,10,6,10,4
TPS2,4,0,1,2,2,3,1,0,0
TRI1,18,12,0,0,0,0,18,16,15
TRK1,0,2,0,0,9,6,2,0,0
TRK2,14,37,1,8,2,22,17,12,3
TRM1,10,21,0,0,0,0,30,23,17
TRM10,19,35,39,29,46,80,51,76,76
TRM11,4,16,4,2,0,16,0,16,4
TRM12,50,90,8,7,6,3,59,92,64
TRM13,3,0,0,0,0,0,0,6,5
TRM2,3,3,0,2,2,6,2,3,6
TRM3,11,29,8,172,14,28,14,14,19
TRM7,0,6,0,0,0,0,14,2,9
TRM732,32,34,4,0,0,2,41,37,58
TRM8,22,29,0,2,1,1,14,21,22
TRP1,3,8,8,17,18,2,0,3,0
TRP2,6,5,0,0,0,0,2,0,1
TRP3,10,12,5,6,12,4,4,6,2
TRP4,2,6,0,0,0,0,0,0,0
TRS33,9,10,1,2,0,2,17,14,12
TRS85,11,12,0,0,0,0,10,8,5
TRX2,2,7,0,4,0,0,2,0,2
TRX3,12,9,0,0,0,0,23,13,7
TSA1,6,2,0,0,0,2,18,11,14
TSL1,12,5,0,0,2,0,6,13,7
TSR2,12,19,0,0,2,4,7,8,13
TSR3,19,45,0,0,0,0,31,38,23
TUB3,10,6,0,0,0,0,9,15,11
TUL1,17,7,0,1,0,0,21,14,9
TUS1,33,35,0,1,1,14,32,39,59
TVP15,4,3,2,0,1,0,13,1,9
TVP18,0,0,0,0,0,0,2,0,0
TVP38,7,21,0,0,0,3,22,17,14
TVS1,6,10,1,1,0,1,8,12,15
TWF1,4,7,68,77,114,36,19,16,13
TYE7,11,21,0,4,1,1,18,23,27
TYW1,28,24,6,3,0,0,50,27,43
UBA3,8,15,0,1,0,1,5,6,2
UBA4,0,0,0,0,0,0,4,2,2
UBC12,10,20,0,3,7,10,11,21,12
UBC4,0,4,0,0,0,0,27,29,14
UBC5,4,7,0,1,0,2,16,21,20
UBC7,37,39,1,5,1,5,57,52,60
UBC8,4,4,0,0,0,0,5,19,7
UBP1,4,3,6,7,5,18,1,0,0
UBP11,0,0,11,5,18,5,4,2,7
UBP12,3,2,4,8,1,8,2,2,0
UBP14,8,3,0,0,0,0,10,10,4
UBP2,10,16,0,0,0,0,23,30,27
UBP3,7,7,0,3,0,0,11,9,3
UBP6,17,25,1,1,0,2,89,77,80
UBP7,33,23,0,4,3,9,18,21,3
UBP8,7,10,2,3,0,0,12,20,16
UBP9,17,30,1,1,0,0,40,35,36
UBR1,1,12,0,0,1,0,0,4,4
UBR2,31,33,0,0,0,2,30,59,51
UBS1,10,14,2,0,1,0,8,15,4
UBX2,5,4,0,2,0,0,4,0,18
UBX4,7,5,0,0,0,0,4,9,11
UBX5,79,78,10,20,8,35,100,88,83
UBX6,25,36,0,1,0,0,35,35,38
UBX7,9,17,0,1,2,0,18,22,11
UCC1,4,20,1,0,4,7,1,2,0
UFD2,0,0,0,0,3,0,0,0,0
UFD4,8,6,2,0,0,3,4,10,1
UGA1,4,2,16,20,24,14,6,13,5
UGA2,7,9,0,1,2,1,5,0,6
UGA3,5,8,0,0,0,0,14,14,8
UGA4,0,0,0,0,0,0,2,0,0
UGX2,21,15,0,0,3,0,13,18,24
UIP3,17,18,0,0,1,4,4,15,9
UIP5,17,23,0,0,3,2,18,13,21
ULI1,24,34,10,2,4,28,0,4,1
ULS1,2,5,3,4,1,7,2,0,0
UME1,13,8,0,0,0,0,20,22,11
UME6,0,0,0,0,0,0,2,0,1
UNG1,15,36,68,109,115,46,36,78,57
UPA1,33,54,2,0,2,2,46,43,51
UPA2,79,116,0,3,8,4,85,138,192
UPC2,3,2,0,4,1,5,0,8,2
UPF3,13,15,2,6,12,6,6,1,2
UPS1,3,2,1,0,0,2,6,4,7
UPS2,32,20,0,0,0,4,37,24,21
UPS3,7,10,0,2,5,4,3,6,3
URA1,11,13,1,25,12,18,10,24,31
URA10,26,18,0,0,1,1,17,30,36
URA4,22,14,0,1,2,0,19,18,34
URA5,13,24,9,0,3,11,4,6,1
URA8,2,4,0,4,10,17,4,0,7
URH1,24,4,1,4,4,4,19,20,14
USA1,21,28,1,4,2,2,38,72,58
USV1,2,0,0,0,0,0,2,5,0
UTH1,4,10,0,0,0,0,1,1,2
UTP30,6,1,0,2,8,10,2,2,0
UTR2,47,75,0,6,7,0,56,105,93
UTR4,18,24,0,1,1,6,34,44,23
VAB2,18,22,6,6,2,23,5,5,2
VAC14,0,1,0,0,0,0,7,9,3
VAC17,0,0,0,0,0,0,0,2,1
VAC8,1,0,0,20,24,4,2,0,2
VAM10,9,12,0,1,0,6,11,4,10
VAM3,4,4,0,0,0,0,0,2,2
VBA1,12,20,4,1,7,12,3,1,8
VBA2,8,17,0,3,2,0,8,20,21
VBA3,15,23,2,0,1,0,2,15,13
VBA4,27,34,2,0,2,0,20,29,27
VBA5,9,10,0,1,0,0,7,17,16
VEL1,5,7,56,30,18,15,12,11,7
VFA1,65,73,23,14,12,15,49,63,56
VHC1,17,33,7,4,2,21,15,5,8
VHR1,85,109,12,12,14,26,21,23,17
VHR2,12,22,1,0,0,0,19,12,18
VHS1,7,0,4,6,4,22,0,2,2
VHS2,12,8,0,1,0,0,3,4,9
VHS3,0,4,0,1,0,0,2,2,0
VID30,23,35,0,0,2,0,30,38,31
VIK1,20,28,0,1,2,3,12,24,31
VIP1,16,5,0,1,1,0,11,7,18
VLD1,0,6,2,0,4,0,2,12,4
VMR1,3,4,0,1,0,2,4,3,6
VMS1,27,16,0,0,1,0,75,72,54
VNX1,11,24,0,1,2,2,19,23,48
VOA1,0,2,0,0,0,0,0,0,0
VPR1,7,6,35,28,47,19,18,8,11
VPS1,1,2,0,0,0,0,8,7,2
VPS13,0,0,0,2,0,0,0,2,0
VPS17,21,14,0,2,1,1,6,3,20
VPS20,0,2,0,0,0,0,7,0,6
VPS24,0,9,2,7,1,2,10,10,4
VPS25,3,3,0,0,0,0,17,12,16
VPS27,1,10,0,0,0,0,23,10,6
VPS29,2,1,32,1,1,2,10,4,4
VPS30,2,1,1,0,0,1,8,7,2
VPS35,5,9,0,0,0,2,11,27,17
VPS36,2,4,0,0,0,0,14,16,4
VPS38,3,7,1,3,0,0,31,19,25
VPS5,3,4,0,0,1,0,10,3,2
VPS501,15,24,3,1,0,0,31,30,17
VPS51,9,16,0,0,1,0,22,12,8
VPS52,8,5,0,0,1,1,3,5,6
VPS60,7,9,0,0,0,0,9,40,16
VPS61,2,7,0,2,0,0,15,10,8
VPS62,2,11,10,7,1,4,0,4,3
VPS63,15,16,0,1,2,0,40,24,29
VPS65,0,11,0,0,0,0,13,7,4
VPS68,3,5,1,7,4,19,7,10,6
VPS70,3,5,3,10,12,38,2,2,1
VPS71,2,2,0,0,0,0,2,0,0
VPS74,3,2,0,0,0,2,1,3,2
VPS8,1,0,0,0,0,1,8,8,1
VRL1,10,13,15,5,8,13,6,0,10
VSB1,14,27,0,0,3,0,16,16,31
VTA1,8,7,0,0,2,0,16,16,3
VTC1,12,14,0,5,1,0,16,15,6
VTC2,8,17,4,1,0,0,9,8,17
VTC4,47,44,1,1,1,9,68,66,48
VTC5,11,10,0,0,0,1,5,23,21
VTH1,47,54,2,6,1,4,62,114,97
VTS1,87,158,2,5,7,2,424,276,267
VVS1,14,14,7,5,7,12,6,8,14
WHI4,92,118,8,11,14,16,47,65,47
WHI5,26,41,8,5,4,28,21,11,13
WSC2,53,61,4,5,8,4,52,71,65
WSC3,49,64,315,220,321,278,82,118,96
WSC4,10,10,156,90,98,136,23,48,27
WSS1,6,5,0,1,0,0,3,3,2
WTM1,7,8,5,34,13,6,7,6,11
WTM2,2,3,2,0,1,5,2,0,1
WWM1,13,25,0,1,2,7,10,9,7
XBP1,7,2,0,1,2,0,4,2,2
XDJ1,42,56,1,3,5,4,34,51,55
XKS1,2,4,0,0,0,0,8,11,3
XPT1,41,71,0,1,0,3,51,49,51
XRS2,0,0,0,0,0,0,0,0,2
XYL2,7,12,5,5,8,4,7,12,18
YAF9,0,6,3,0,8,17,0,0,2
YAK1,6,6,4,2,2,2,2,2,2
YAL004W,2,7,12,2,6,16,2,0,0
YAL037W,19,15,3,4,7,16,6,8,13
YAL045C,9,18,1,0,1,20,8,15,8
YAL056C-A,0,0,0,0,0,0,2,0,7
YAL065C,77,177,21,23,85,94,58,100,87
YAL066W,36,40,4,10,7,35,16,19,16
YAL067W-A,0,1,0,0,0,0,0,0,0
YAP1,4,6,6,16,22,24,0,0,0
YAP1801,17,25,25,10,22,47,0,2,1
YAP3,8,7,2,5,10,35,2,7,8
YAP5,16,23,27,32,45,36,30,20,29
YAP6,9,9,7,20,82,25,7,3,1
YAP7,16,23,0,0,0,0,13,7,14
YAR030C,2,8,5,2,7,18,1,0,5
YAR035C-A,147,304,56,120,107,106,207,262,211
YAR037W,2,8,3,6,6,31,2,0,1
YAR040C,22,17,122,64,117,154,31,54,52
YAR043C,16,45,7,2,2,10,12,22,11
YAR044W,11,18,5,0,8,5,11,11,10
YAR047C,2,2,2,7,1,16,2,2,5
YAT1,10,4,2,3,8,24,9,9,9
YAT2,19,35,2,0,0,2,33,41,37
YBL008W-A,28,42,0,5,6,0,31,34,49
YBL029C-A,83,91,132,269,230,194,89,120,105
YBL071C-B,69,98,1,0,1,1,19,35,24
YBL096C,2,0,0,0,0,0,0,0,0
YBL101W-C,38,45,0,2,4,0,26,44,31
YBP1,5,9,1,4,3,0,8,0,10
YBR012C,9,5,8,4,8,13,0,4,4
YBR013C,4,8,0,3,1,0,12,4,7
YBR016W,33,34,1,1,1,4,40,38,28
YBR027C,19,24,0,0,0,1,32,24,25
YBR051W,10,6,0,0,0,0,10,15,16
YBR053C,6,13,0,0,0,0,5,19,25
YBR062C,0,14,0,3,0,1,3,6,11
YBR064W,11,7,2,3,3,23,0,0,2
YBR071W,6,9,0,0,0,0,6,7,6
YBR072C-A,89,122,13,8,12,13,74,98,88
YBR075W,0,6,0,0,0,0,6,0,0
YBR085C-A,20,33,5,44,5,2,33,36,34
YBR090C,63,76,1,5,0,2,39,73,81
YBR099C,11,11,53,21,38,15,19,10,15
YBR100W,14,26,0,12,6,9,13,10,12
YBR113W,0,0,0,2,0,0,0,0,0
YBR116C,11,3,0,0,0,0,9,11,11
YBR134W,7,9,3,2,0,2,4,5,4
YBR137W,9,10,0,2,2,2,17,12,16
YBR138C,22,42,2,6,13,5,8,6,0
YBR182C-A,9,15,15,32,35,38,13,0,2
YBR184W,8,8,1,0,0,2,16,14,6
YBR197C,19,18,0,4,2,4,11,9,13
YBR200W-A,141,200,316,300,459,291,226,262,242
YBR206W,12,8,10,8,12,48,5,2,1
YBR220C,7,9,12,5,6,9,4,6,3
YBR224W,20,14,0,1,0,7,9,2,12
YBR225W,4,4,0,1,0,0,2,2,0
YBR226C,18,24,3,2,5,0,28,26,31
YBR232C,28,27,2,0,1,0,16,19,20
YBR238C,4,9,1,0,0,3,7,4,14
YBR242W,8,17,13,11,3,41,0,0,0
YBR259W,6,4,7,15,2,16,0,0,1
YBR277C,9,5,1,2,2,6,10,18,8
YBR284W,8,14,1,12,7,7,17,19,14
YBR285W,22,27,1,0,0,2,28,35,27
YBR287W,7,9,0,1,2,1,9,17,8
YBR292C,31,32,14,15,11,30,9,8,5
YBT1,24,36,0,4,2,0,65,63,81
YCF1,6,5,0,0,0,0,15,17,16
YCH1,23,30,1,0,5,5,32,22,33
YCK1,7,8,0,0,0,2,0,0,0
YCK2,14,35,6,42,7,24,44,42,32
YCK3,14,2,1,0,1,0,19,16,13
YCL001W-B,80,77,1,13,8,5,195,187,143
YCL006C,39,32,6,11,3,6,33,48,44
YCL012W,9,12,5,4,6,3,8,7,7
YCL013W,8,10,0,0,0,0,10,13,13
YCL021W-A,102,124,28,109,61,89,52,85,47
YCL022C,20,31,0,0,1,0,16,11,40
YCL023C,17,21,0,0,0,0,13,10,20
YCL026C,6,5,0,3,3,15,3,2,10
YCL046W,16,41,0,0,1,0,17,29,26
YCL049C,4,18,0,0,4,0,12,18,10
YCL062W,2,0,0,0,0,0,0,6,0
YCL074W,14,19,1,1,0,7,1,23,2
YCL075W,48,63,8,12,2,4,18,14,17
YCL076W,21,30,1,1,0,2,31,24,36
YCP4,0,1,0,0,0,0,0,0,0
YCR001W,4,2,0,0,1,0,0,0,6
YCR006C,0,0,0,0,0,0,0,2,0
YCR016W,16,22,0,0,0,0,24,28,59
YCR022C,1,4,0,0,0,0,3,0,5
YCR023C,33,33,1,3,0,2,17,27,23
YCR025C,2,6,0,2,0,0,13,4,6
YCR043C,6,14,16,8,10,36,0,0,4
YCR049C,27,56,26,6,8,13,16,21,24
YCR050C,4,5,0,2,1,0,6,10,13
YCR051W,24,38,0,1,0,0,29,33,31
YCR062W,2,3,2,0,0,0,1,15,4
YCR085W,9,14,5,2,0,9,5,16,8
YCR087C-A,7,6,1,5,5,5,17,25,13
YCR087W,8,11,2,2,0,4,4,19,6
YCR102W-A,18,29,0,3,1,0,14,18,19
YCT1,13,9,6,5,4,4,12,18,19
YDC1,20,17,138,101,140,147,21,29,40
YDL011C,9,9,0,2,0,0,8,11,7
YDL012C,21,27,0,3,1,1,22,28,27
YDL023C,2,2,0,0,0,0,0,0,0
YDL026W,4,5,73,39,78,50,37,29,33
YDL032W,2,1,0,0,0,0,0,0,3
YDL038C,10,11,0,0,2,0,11,14,5
YDL041W,11,24,3,2,1,0,4,5,9
YDL050C,0,1,0,0,0,0,2,0,2
YDL057W,2,1,0,0,0,0,0,3,0
YDL071C,18,30,0,0,3,0,28,35,49
YDL086W,21,39,0,0,1,0,35,47,38
YDL109C,12,23,2,4,4,8,8,25,16
YDL114W,12,8,2,0,0,2,27,12,12
YDL118W,7,3,0,0,0,2,0,0,0
YDL124W,11,11,0,1,1,0,7,20,9
YDL159W-A,51,47,69,8,11,72,20,19,26
YDL162C,16,22,0,1,0,0,15,8,22
YDL172C,19,13,0,0,0,0,2,15,8
YDL177C,21,45,1,2,9,2,8,21,22
YDL186W,33,18,2,1,2,2,22,36,13
YDL187C,36,53,204,125,246,150,63,79,40
YDL199C,34,41,2,2,0,0,33,50,63
YDL211C,3,3,0,0,2,16,0,0,2
YDL218W,10,13,5,6,6,10,6,7,4
YDL241W,18,13,1,3,3,0,39,30,22
YDL242W,12,34,73,4,7,15,9,17,4
YDR003W-A,36,42,3,21,2,10,43,48,38
YDR008C,4,4,0,1,0,0,0,0,0
YDR010C,20,21,0,0,0,0,26,15,16
YDR015C,16,32,7,9,6,13,21,29,27
YDR018C,15,10,4,7,5,22,2,4,0
YDR029W,19,23,0,0,0,0,20,11,12
YDR034W-B,0,0,0,1,0,0,0,0,2
YDR042C,1,2,0,0,1,0,0,2,10
YDR048C,3,5,0,0,0,0,4,3,2
YDR061W,3,2,0,9,6,14,2,2,2
YDR095C,24,29,0,3,3,2,22,32,50
YDR102C,15,14,1,2,0,2,19,23,26
YDR109C,12,6,2,4,1,16,6,7,4
YDR124W,22,16,0,0,3,2,30,30,39
YDR131C,32,32,4,1,4,1,52,58,39
YDR133C,22,16,3,2,1,6,13,24,20
YDR149C,2,0,0,2,0,0,2,0,0
YDR154C,6,8,1,1,2,4,2,5,0
YDR194W-A,59,61,16,24,14,30,43,33,48
YDR210W,7,4,2,18,5,25,6,4,7
YDR222W,5,1,0,1,2,0,4,0,1
YDR230W,1,0,0,0,3,0,1,0,0
YDR239C,7,0,0,0,0,0,10,11,13
YDR246W-A,20,20,7,14,7,18,20,18,7
YDR248C,33,47,54,0,0,9,50,43,52
YDR250C,4,19,6,4,2,26,6,4,3
YDR262W,34,37,7,13,0,21,11,15,10
YDR269C,30,43,0,0,2,2,26,17,30
YDR271C,6,18,0,0,0,0,5,14,12
YDR278C,11,5,2,4,3,24,0,0,3
YDR290W,11,25,29,40,28,26,12,19,19
YDR338C,17,7,0,0,0,4,7,9,10
YDR344C,22,26,1,0,1,2,47,14,35
YDR391C,10,15,0,0,2,0,21,33,16
YDR415C,8,9,9,4,11,23,4,7,6
YDR417C,5,5,0,1,0,2,3,1,2
YDR426C,4,6,0,2,0,4,18,6,15
YDR431W,9,12,0,0,0,2,1,8,7
YDR444W,5,2,52,52,4,35,4,11,8
YDR445C,12,9,12,4,10,52,4,4,3
YDR455C,18,11,0,0,0,0,24,20,30
YDR491C,2,5,0,0,0,0,2,6,2
YDR509W,7,23,3,1,4,3,15,15,18
YDR524C-B,4,8,0,0,0,0,2,1,2
YDR524W-A,3,4,3,1,0,1,4,6,4
YDR537C,12,26,0,0,0,0,34,29,41
YEA4,12,29,25,11,17,25,5,10,2
YEA6,26,48,2,6,5,19,34,42,58
YEF1,14,30,0,1,2,2,16,19,31
YEH1,15,13,4,5,2,18,2,6,5
YEH2,12,16,0,0,0,0,35,39,27
YEL008W,11,7,0,0,0,0,29,18,19
YEL014C,21,26,0,2,0,0,29,36,39
YEL023C,52,76,0,3,0,2,43,62,51
YEL025C,0,11,4,0,0,0,4,3,5
YEL028W,39,46,0,0,2,0,43,65,37
YEL045C,0,0,0,0,0,0,0,2,0
YEL067C,17,38,3,0,0,0,44,30,41
YEL068C,40,52,6,5,4,8,10,4,14
YEN1,18,8,0,3,0,0,9,12,14
YER010C,29,12,0,0,1,0,28,21,57
YER034W,9,8,0,0,1,0,18,11,20
YER067C-A,18,22,0,0,0,0,28,22,12
YER068C-A,25,11,0,3,0,0,21,19,13
YER079W,2,2,3,1,1,5,0,0,2
YER084W,1,0,0,0,0,0,0,0,0
YER087C-A,6,12,0,1,1,0,8,2,12
YER097W,9,6,154,31,73,42,26,10,11
YER108C,14,14,0,0,2,0,9,31,22
YER121W,32,44,0,5,1,0,48,54,53
YER134C,45,32,6,3,5,12,43,45,30
YER135C,28,8,3,6,4,0,46,25,40
YER137C,14,19,9,9,8,16,4,14,6
YER152C,13,13,0,1,1,0,12,12,21
YER158C,58,57,2,32,2,0,43,57,77
YER181C,105,144,1,6,0,4,121,155,149
YER186W-A,116,228,3,44,14,32,96,165,183
YER187W,100,121,36,65,26,97,34,55,49
YET2,11,26,0,1,0,0,16,13,15
YFH7,12,20,2,3,3,11,8,11,19
YFL006W,8,7,0,2,0,6,4,2,9
YFL012W,20,39,0,0,0,0,17,32,44
YFL013W-A,2,9,0,2,0,0,2,3,14
YFL015C,18,30,1,0,1,4,25,29,26
YFL019C,5,11,2,0,0,0,2,19,1
YFL032W,4,0,0,0,0,3,2,0,2
YFL040W,4,16,1,0,0,0,18,26,20
YFL041W-A,0,0,0,2,0,0,0,2,0
YFL043C,8,15,2,4,6,18,6,7,2
YFL051C,12,17,0,7,0,0,23,18,20
YFL063W,104,145,0,4,4,9,84,143,144
YFR006W,18,21,0,0,5,2,12,33,45
YFR012W-A,42,49,0,0,1,5,30,37,53
YFR018C,22,41,1,1,2,0,36,30,50
YFR024C,52,42,2,6,12,5,2,10,8
YFT2,10,13,9,2,5,6,1,8,8
YGK3,2,1,0,0,0,0,3,3,4
YGL006W-A,37,62,3,0,0,0,39,58,65
YGL041C-B,1,13,0,0,0,2,5,10,7
YGL088W,0,0,0,0,0,0,0,0,1
YGL114W,20,21,0,2,1,0,31,29,32
YGL132W,1,0,0,0,0,0,2,2,0
YGL138C,0,2,0,0,0,0,4,4,6
YGL140C,29,21,27,18,9,34,2,5,7
YGL149W,12,16,0,2,1,1,31,18,24
YGL152C,22,38,0,3,2,2,57,47,43
YGL159W,71,90,2,3,5,1,68,70,88
YGL165C,23,24,0,4,1,1,26,29,34
YGL176C,25,41,15,19,1,45,6,2,8
YGL177W,44,41,0,2,3,10,31,18,23
YGL199C,63,98,0,39,2,5,77,64,100
YGL214W,13,19,0,3,1,1,20,43,37
YGL217C,14,28,2,1,3,13,30,26,15
YGL218W,3,2,0,0,1,0,4,4,4
YGL230C,22,36,4,0,3,0,32,53,52
YGL235W,31,56,2,0,7,4,31,51,45
YGL242C,47,42,1,7,2,4,85,72,60
YGL260W,8,13,0,0,1,5,5,15,16
YGL262W,11,22,0,1,1,2,22,16,25
YGR011W,28,46,6,6,3,4,12,15,14
YGR016W,7,4,5,9,5,27,8,2,1
YGR018C,4,7,0,0,0,0,9,20,14
YGR022C,40,46,5,3,0,25,24,39,29
YGR025W,33,51,6,6,23,16,27,26,24
YGR035C,12,15,0,0,1,0,18,19,13
YGR039W,7,17,0,0,1,0,20,26,26
YGR045C,1,3,38,15,17,24,6,15,14
YGR050C,0,1,3,4,0,3,0,2,2
YGR051C,4,7,0,1,4,6,4,6,6
YGR054W,6,11,1,16,4,11,0,8,13
YGR064W,3,0,0,0,1,0,0,0,1
YGR067C,12,12,2,0,0,0,14,10,25
YGR069W,6,11,0,0,0,0,2,8,4
YGR079W,0,6,0,2,0,10,1,2,5
YGR107W,0,6,0,1,2,1,2,1,7
YGR111W,4,5,1,0,0,0,4,0,2
YGR117C,2,4,1,0,0,0,0,5,0
YGR122C-A,18,38,1,1,9,0,30,59,33
YGR122W,9,19,0,0,2,0,31,36,29
YGR126W,4,10,0,2,0,0,0,5,2
YGR127W,0,4,0,1,0,2,1,5,12
YGR137W,4,8,2,0,0,0,6,6,0
YGR139W,48,105,0,26,4,4,84,85,76
YGR146C-A,44,50,53,30,67,59,63,90,79
YGR151C,9,12,6,6,2,4,1,3,9
YGR160W,2,0,0,0,0,0,0,0,0
YGR164W,0,0,0,0,0,0,4,2,2
YGR176W,4,1,2,0,0,13,0,0,0
YGR182C,24,33,0,0,1,0,26,30,13
YGR201C,1,6,3,0,0,0,0,0,0
YGR204C-A,23,46,25,95,30,58,14,13,24
YGR210C,9,10,0,0,0,0,11,20,13
YGR219W,3,17,0,0,0,0,11,13,17
YGR259C,8,7,28,12,14,41,2,2,0
YGR266W,13,15,8,8,2,37,0,3,5
YGR273C,19,18,0,0,1,0,19,31,26
YGR291C,41,35,2,0,0,2,42,53,49
YHI9,5,9,2,8,5,17,3,5,2
YHK8,13,19,4,6,4,13,5,4,16
YHL005C,0,0,0,0,0,0,2,0,0
YHL008C,2,0,1,2,9,4,2,3,0
YHL012W,0,5,6,10,8,19,5,4,13
YHL015W-A,20,13,23,22,17,17,25,22,10
YHL017W,6,9,48,43,54,37,14,12,8
YHM2,9,21,0,1,0,1,29,30,31
YHP1,15,8,0,0,0,0,24,13,24
YHR007C-A,51,62,22,23,18,44,20,33,35
YHR022C-A,0,1,0,0,0,0,0,0,0
YHR033W,26,55,321,285,465,267,96,85,59
YHR049C-A,0,6,2,6,2,25,0,0,0
YHR078W,11,13,5,0,12,21,12,11,14
YHR086W-A,31,44,6,26,12,40,27,27,26
YHR095W,16,25,1,2,1,13,9,4,8
YHR125W,4,2,0,1,2,8,0,2,0
YHR127W,6,18,0,0,3,0,10,13,24
YHR130C,14,3,180,78,104,105,25,36,17
YHR131C,7,9,4,26,11,0,4,4,0
YHR138C,3,8,6,3,0,3,2,3,5
YHR139C-A,2,3,6,4,0,9,0,0,0
YHR140W,6,5,0,0,0,1,4,3,12
YHR180W,12,6,0,0,0,0,17,9,7
YIA6,12,15,42,25,48,46,19,20,22
YIH1,13,17,4,0,2,12,7,8,8
YIL001W,8,13,11,4,25,58,6,0,0
YIL012W,28,41,15,9,18,10,1,9,7
YIL014C-A|YIL015C-A,32,38,430,127,410,316,69,64,72
YIL028W,23,29,387,159,605,672,12,14,12
YIL032C,14,8,15,7,3,61,0,2,8
YIL046W-A,23,24,16,0,0,6,8,11,18
YIL054W,57,62,6,22,17,14,18,8,5
YIL055C,8,24,15,16,21,8,8,0,2
YIL059C,12,15,0,2,0,0,6,8,5
YIL060W,20,17,16,30,37,66,6,10,18
YIL067C,12,23,2,0,0,2,8,22,15
YIL086C,33,51,1491,730,1896,989,27,16,27
YIL089W,13,14,13,5,32,25,9,9,6
YIL092W,14,19,89,68,97,45,22,31,25
YIL102C,14,43,4,2,2,3,34,33,44
YIL108W,13,8,0,2,1,0,15,13,22
YIL134C-A,33,34,4,1,0,12,15,20,17
YIL141W,9,8,0,1,0,0,26,17,14
YIL163C,7,14,0,0,0,0,7,10,2
YIL168W,16,21,78,58,62,83,24,35,27
YIM2,0,0,0,0,0,0,0,0,2
YIP3,12,13,0,1,0,0,8,5,4
YIP4,1,2,2,1,5,1,0,0,0
YIP5,9,14,12,2,0,34,0,0,1
YIR016W,22,31,233,165,171,137,63,74,54
YIR020C,0,2,0,0,0,0,0,0,0
YIR020W-A|YIR020W-B,14,15,8,12,65,9,2,7,14
YIR021W-A,42,48,0,0,2,2,35,54,58
YIR042C,18,30,0,0,2,1,16,20,18
YIR043C,54,46,2,0,0,2,45,51,44
YJL007C,22,42,0,6,3,0,28,38,58
YJL021C,29,18,0,0,0,0,19,16,16
YJL027C,1,4,0,0,0,0,10,6,12
YJL043W,46,85,2,0,1,2,68,53,75
YJL047C-A,21,28,845,477,822,1478,17,18,28
YJL064W,5,1,2,1,0,2,0,0,7
YJL068C,11,9,27,25,54,29,29,17,20
YJL070C,4,21,0,4,0,0,4,12,13
YJL077W-B,33,18,21,76,81,21,22,12,14
YJL107C,8,13,0,0,3,0,17,20,8
YJL118W,8,17,0,2,0,0,11,15,14
YJL119C,12,27,1,1,0,2,18,19,31
YJL120W,4,1,0,0,0,0,0,0,0
YJL132W,28,14,3,15,4,5,15,10,17
YJL135W,6,9,3,2,1,11,2,2,3
YJL136W-A,14,13,124,115,117,98,39,43,47
YJL150W,5,13,1,0,3,12,4,4,5
YJL152W,4,2,1,0,5,4,2,0,0
YJL169W,4,13,11,31,35,23,10,1,6
YJL175W,4,7,0,0,0,0,0,0,0
YJL182C,5,5,0,3,6,8,0,1,0
YJL193W,28,26,1,3,44,2,48,44,22
YJL206C,36,35,309,171,508,211,61,88,91
YJL211C,28,21,0,4,2,0,20,22,29
YJL213W,4,4,28,2,14,16,8,6,10
YJL215C,10,31,8,6,18,5,6,10,30
YJL218W,12,22,2,6,5,10,9,1,15
YJR015W,13,23,2,0,4,14,7,21,22
YJR020W,13,17,0,1,0,0,21,31,23
YJR026W,23,12,0,0,4,1,19,11,10
YJR037W,51,92,1,3,8,4,94,135,119
YJR038C,112,136,2,4,3,7,137,105,141
YJR056C,12,18,0,0,3,0,12,12,18
YJR084W,23,25,0,3,0,0,2,10,9
YJR087W,21,25,0,1,1,2,4,6,15
YJR096W,23,27,0,3,7,6,21,21,19
YJR098C,21,17,11,6,11,0,1,2,5
YJR115W,15,7,1,2,0,1,18,16,21
YJR124C,13,19,9,8,6,46,2,6,2
YJR128W,9,5,20,11,18,44,13,13,10
YJR142W,16,30,11,17,6,40,2,16,11
YJR146W,15,20,0,1,0,0,15,20,36
YJR151W-A,20,22,9,7,6,24,7,8,14
YJU3,10,6,0,5,2,6,10,0,4
YKE2,0,2,0,0,0,0,2,2,4
YKE4,23,67,51,33,44,97,3,4,0
YKL030W,5,2,23,8,7,18,3,0,6
YKL031W,6,4,0,1,0,0,8,4,6
YKL033W-A,4,7,0,1,1,0,12,9,4
YKL053W,14,13,2,3,1,0,11,10,12
YKL063C,5,9,0,0,0,3,18,14,12
YKL066W,68,58,0,1,2,6,66,95,74
YKL070W,33,28,0,2,0,4,30,30,51
YKL091C,5,7,0,2,0,0,11,9,7
YKL096C-B,0,0,0,0,2,0,0,0,1
YKL097C,30,30,0,0,1,4,25,20,16
YKL102C,21,16,0,1,0,0,25,26,42
YKL106C-A,1,0,0,0,0,0,0,0,0
YKL107W,0,2,0,0,0,0,0,2,0
YKL123W,16,16,0,3,1,0,11,26,22
YKL131W,8,14,0,0,0,0,16,5,8
YKL136W,24,24,0,0,0,0,14,14,12
YKL147C,7,13,4,3,4,9,4,8,7
YKL162C,9,14,0,0,0,0,28,22,26
YKL162C-A,42,33,7,4,5,29,35,21,48
YKL177W,10,12,0,2,2,0,16,21,25
YKL199C,23,35,149,108,122,205,76,68,74
YKL202W,4,9,6,4,3,32,2,1,2
YKL222C,13,10,97,61,150,110,28,22,24
YKR005C,2,0,0,0,0,0,0,0,0
YKR011C,11,21,54,112,157,63,19,18,20
YKR012C,18,10,87,5,4,16,7,7,4
YKR015C,9,9,6,5,17,13,0,2,2
YKR033C,23,25,181,153,488,284,11,37,35
YKR040C,0,2,0,0,0,0,2,2,3
YKR041W,7,15,2,2,6,2,2,0,0
YKR045C,2,6,12,3,3,12,0,0,2
YKR047W,24,48,3,3,1,0,33,36,54
YKR070W,20,23,2,3,1,7,22,15,21
YKR075C,10,35,6,2,8,24,7,21,26
YKR104W,8,7,0,0,0,2,11,15,12
YKU70,8,13,1,0,0,0,15,17,7
YKU80,14,7,0,0,0,0,28,21,19
YLF2,7,1,2,0,3,15,0,2,2
YLL017W,13,15,7,0,4,7,22,30,21
YLL020C,8,29,5,22,11,45,26,12,23
YLL032C,17,20,3,2,0,6,21,26,15
YLL044W,15,14,2,0,0,0,1,3,0
YLL047W,28,41,2,0,1,0,58,49,25
YLL053C,26,29,1,0,0,3,39,37,39
YLL054C,29,44,0,1,1,2,47,50,47
YLR001C,12,17,2,0,0,0,18,19,15
YLR012C,4,12,0,2,0,0,10,14,12
YLR030W,7,20,0,1,1,3,8,24,7
YLR031W,8,6,0,0,0,2,19,14,25
YLR036C,3,10,0,0,0,0,6,7,12
YLR041W,3,9,0,1,1,11,1,2,1
YLR046C,7,15,0,0,0,0,28,17,14
YLR108C,0,3,0,0,0,2,2,4,6
YLR112W,30,41,0,1,0,2,34,43,33
YLR122C,35,50,0,0,3,2,45,39,51
YLR123C,15,45,0,73,0,9,13,33,23
YLR124W,41,64,0,0,6,4,70,89,61
YLR126C,1,6,7,49,5,24,0,2,8
YLR152C,16,43,2,4,2,0,25,30,29
YLR169W,37,44,1,5,4,11,10,13,15
YLR171W,36,46,4,2,0,4,24,34,27
YLR177W,7,13,0,0,2,0,4,10,5
YLR179C,8,8,0,1,0,0,4,6,4
YLR217W,3,11,2,0,1,0,21,13,6
YLR225C,4,11,0,0,0,0,5,7,8
YLR235C,0,2,0,0,0,0,2,1,1
YLR236C,14,33,2,1,0,6,7,8,4
YLR252W,6,6,0,3,0,0,16,15,21
YLR255C,6,2,2,1,6,0,2,3,2
YLR269C,2,0,0,0,0,1,0,2,1
YLR278C,21,25,0,0,0,1,26,25,22
YLR279W,23,26,65,47,21,51,14,23,11
YLR280C,27,31,2,0,4,2,25,30,18
YLR282C,11,12,0,0,0,0,4,14,11
YLR282C|PUT7,10,2,0,5,9,4,1,3,3
YLR287C,14,8,0,0,0,0,6,16,9
YLR294C,7,5,0,0,2,0,6,2,10
YLR296W,5,12,0,2,0,0,5,14,8
YLR311C,17,21,5,5,7,9,9,3,7
YLR326W,27,22,9,11,2,4,13,22,17
YLR342W-A,78,86,2,5,5,6,74,88,101
YLR345W,18,9,0,0,0,0,13,4,22
YLR349W,6,7,0,0,0,0,8,6,8
YLR358C,10,4,0,0,0,0,14,11,9
YLR361C-A,37,52,9,20,16,20,43,40,41
YLR363W-A,20,25,4,11,2,19,14,17,14
YLR366W,34,22,1,2,1,0,42,37,15
YLR374C,6,7,0,2,0,7,1,5,2
YLR391W,28,38,0,3,2,2,16,17,15
YLR400W,22,22,0,0,1,0,10,15,12
YLR402W,3,2,8,5,7,6,0,6,3
YLR406C-A,12,14,7,12,4,44,5,6,6
YLR407W,5,5,0,0,0,0,39,19,20
YLR412C-A,13,9,0,6,0,2,12,27,20
YLR415C,4,10,0,2,1,2,20,0,5
YLR416C,3,20,0,0,0,4,5,16,14
YLR428C,99,77,1,3,6,1,65,116,130
YLR434C,55,78,1,2,3,2,71,110,117
YLR444C,30,35,2,8,2,21,33,31,48
YLR456W,2,4,5,5,12,13,11,3,10
YLR460C,14,12,12,9,8,24,2,8,2
YMC1,5,7,0,5,3,4,2,2,2
YMC2,19,21,56,173,191,50,17,29,17
YMD8,16,9,8,10,9,6,3,2,3
YME2,7,9,0,2,0,0,12,9,22
YML003W,11,23,0,0,0,1,4,16,17
YML009C-A|YML010C-B,3,36,0,0,0,0,16,20,32
YML009W-B|YML010W-A,0,0,0,0,0,0,17,4,4
YML018C,25,22,1,2,1,0,39,33,37
YML020W,17,19,0,0,0,0,23,14,12
YML033W,37,32,18,16,53,22,40,41,54
YML034C-A|YML035C-A,11,19,3,1,4,0,25,19,26
YML037C,28,34,1,2,33,2,68,63,68
YML048W-A,7,4,1,1,2,3,4,2,2
YML053C,21,28,0,1,0,1,8,9,33
YML054C-A,33,40,0,5,2,1,44,75,53
YML057C-A|YML058C-A,5,14,0,0,0,0,24,23,17
YML082W,4,10,2,9,6,10,4,0,0
YML083C,39,48,5,3,7,1,56,37,39
YML084W,63,124,1,5,5,3,91,120,130
YML089C,3,25,0,0,1,0,17,18,14
YML090W,10,4,0,0,0,1,4,4,5
YML094C-A|YML095C-A,10,3,0,0,0,0,10,5,6
YML096W,4,6,0,0,0,2,11,8,8
YML100W-A,18,21,0,1,0,0,11,30,30
YML108W,6,9,0,0,0,0,7,14,14
YML117W-A,9,9,0,1,0,3,9,8,11
YML119W,25,33,0,6,0,1,15,22,40
YML122C,2,8,0,0,0,0,24,15,8
YML131W,9,8,0,0,0,2,9,11,12
YMR001C-A,0,19,0,0,1,0,8,4,6
YMR007W,30,38,6,5,2,7,17,18,17
YMR013W-A,28,23,0,46,5,0,35,38,42
YMR027W,12,16,2,3,0,0,25,9,23
YMR052C-A,20,57,3,6,2,3,71,73,66
YMR057C,45,70,0,1,1,2,86,85,98
YMR075C-A,5,6,0,0,4,0,10,13,8
YMR082C,24,12,4,8,4,12,4,7,8
YMR084W,0,2,0,0,0,0,2,2,2
YMR085W,16,15,20,10,13,45,6,2,0
YMR086C-A,34,33,13,16,7,36,19,26,16
YMR090W,8,22,6,3,6,8,4,6,5
YMR099C,5,10,2,1,0,3,4,1,6
YMR105W-A,40,40,254,224,282,209,52,23,52
YMR114C,13,11,0,2,1,0,23,22,23
YMR119W-A,5,13,0,0,0,0,13,21,19
YMR122C,3,8,2,0,0,0,14,3,8
YMR135W-A,19,17,130,46,69,66,28,39,31
YMR141C,13,10,0,0,0,0,8,8,19
YMR153C-A,13,9,1,1,1,0,11,11,6
YMR155W,26,24,0,0,0,9,21,28,23
YMR158C-A|YMR158C-B,18,20,5,6,12,22,2,0,3
YMR158W-A,14,15,0,0,2,0,21,18,26
YMR172C-A,13,23,0,0,1,0,8,23,14
YMR173W-A,14,15,0,0,0,0,32,7,11
YMR175W-A,49,49,10,9,12,11,5,7,8
YMR181C,4,10,0,0,1,0,19,10,11
YMR187C,77,89,0,3,21,1,136,113,151
YMR193C-A,6,5,0,0,0,0,2,6,5
YMR194C-A,10,27,2,3,6,24,2,6,5
YMR196W,33,45,2,1,5,1,43,40,43
YMR206W,3,13,0,1,0,0,14,5,10
YMR209C,2,6,0,0,3,0,0,2,3
YMR230W-A,23,40,24,23,17,37,34,28,20
YMR242W-A,7,10,0,0,1,0,21,18,11
YMR244W,10,11,0,0,0,0,8,9,13
YMR245W,5,10,0,0,1,0,7,25,29
YMR247W-A,24,42,96,133,107,94,41,64,55
YMR253C,22,27,1,1,0,6,33,32,30
YMR265C,22,12,0,0,1,0,14,23,18
YMR272W-B,6,10,0,0,0,0,3,9,22
YMR294W-A,21,23,2,2,1,0,16,11,32
YMR295C,0,1,0,0,0,0,0,2,0
YMR304C-A,36,44,14,10,0,26,6,20,5
YMR306C-A,10,19,0,0,0,1,17,5,12
YMR315W,2,8,2,0,0,0,5,4,3
YMR315W-A,31,37,70,9,14,68,16,20,22
YMR316C-B,6,19,1,0,0,2,19,30,21
YMR317W,8,11,10,11,51,35,2,4,2
YMR320W,22,25,0,3,0,0,20,15,24
YMR326C,13,12,0,12,2,0,0,2,2
YND1,27,55,3,0,20,9,38,49,33
YNG1,10,7,0,2,0,4,13,9,12
YNK1,18,19,2,0,0,9,5,12,20
YNL028W,19,21,13,24,15,23,19,25,36
YNL034W,8,8,0,0,0,0,12,13,2
YNL035C,2,7,0,0,0,1,4,8,8
YNL040W,7,11,25,37,25,16,9,10,14
YNL042W-B,55,88,14,22,20,30,63,66,71
YNL043C,13,21,0,0,0,0,4,21,15
YNL050C,12,17,0,1,2,1,22,31,29
YNL057W,15,10,3,5,1,2,11,22,4
YNL058C,11,7,0,0,0,0,18,8,12
YNL067W-B,31,44,1,2,7,15,13,21,14
YNL089C,33,56,0,0,2,3,49,44,35
YNL092W,4,12,0,0,0,1,6,7,7
YNL095C,10,39,959,398,1067,655,4,9,9
YNL108C,7,16,0,0,0,0,6,21,12
YNL109W,4,6,0,2,0,4,0,1,0
YNL115C,17,8,0,2,2,2,20,26,21
YNL120C,0,1,0,0,0,2,0,0,1
YNL134C,32,23,1,4,4,6,22,57,24
YNL140C,17,7,0,5,1,2,8,15,19
YNL143C,8,25,78,122,143,76,56,56,40
YNL144C,0,0,0,0,0,2,0,0,0
YNL146C-A,17,50,0,1,1,4,39,44,24
YNL146W,4,18,4,1,0,0,16,14,17
YNL162W-A,30,42,11,4,29,21,23,36,11
YNL165W,13,33,23,23,165,57,3,5,2
YNL171C,4,4,0,0,0,0,2,4,2
YNL266W,64,77,4,9,6,5,102,87,140
YNL276C,16,14,41,42,55,88,1,3,0
YNL285W,5,2,0,0,0,0,0,2,0
YNL303W,6,9,0,0,2,0,4,14,7
YNL319W,5,8,0,0,1,0,11,19,21
YNL320W,8,8,10,2,5,17,4,4,4
YNL324W,12,7,0,0,0,0,9,7,13
YNR005C,5,5,5,8,35,12,3,19,12
YNR014W,19,22,0,1,0,1,8,37,13
YNR025C,7,8,52,53,61,26,11,7,13
YNR048W,30,41,6,8,4,28,13,23,10
YNR061C,22,15,6,18,33,19,4,15,4
YNR064C,23,25,1,0,3,2,47,32,40
YNR065C,38,25,2,1,2,0,21,41,39
YNR066C,3,8,0,0,0,0,6,16,11
YNR068C,6,4,9,3,5,4,4,0,3
YNR071C,20,32,0,4,1,2,25,47,46
YOL013W-A,0,0,2,0,2,2,0,0,0
YOL013W-B,39,67,8,9,10,6,43,58,48
YOL014W,2,8,0,0,0,0,9,5,4
YOL019W-A,28,46,14,21,30,47,26,28,29
YOL029C,37,57,3,6,3,0,39,48,62
YOL035C,13,16,0,0,0,0,0,7,5
YOL036W,5,5,2,0,3,53,6,5,8
YOL037C,8,15,0,0,0,1,6,12,17
YOL038C-A,77,85,2,4,7,18,105,119,94
YOL046C,19,37,0,2,0,0,28,28,40
YOL057W,13,21,1,1,0,0,17,25,34
YOL075C,9,7,1,0,2,0,6,10,8
YOL079W,8,2,1,0,0,2,12,7,7
YOL085C,18,30,0,6,1,3,39,32,30
YOL097W-A,42,41,0,1,5,5,34,55,33
YOL099C,35,31,1,1,0,0,57,27,43
YOL106W,17,37,30,21,18,95,0,8,0
YOL107W,21,34,0,0,1,1,28,26,35
YOL118C,6,4,3,2,2,10,0,2,4
YOL131W,2,18,2,1,0,0,4,18,12
YOL150C,5,14,4,13,6,35,0,3,2
YOL159C-A,35,47,13,7,3,32,28,39,44
YOL160W,6,5,0,0,0,3,4,15,6
YOL162W,16,2,3,1,1,2,10,6,15
YOL163W,3,16,0,0,1,0,15,11,20
YOL164W-A,46,55,15,40,30,52,30,23,21
YOP1,4,5,50,3,0,13,0,0,1
YOR008C-A,303,373,6,26,7,2,243,222,297
YOR012W,19,35,1,3,1,0,15,16,14
YOR015W,9,17,0,1,2,0,22,28,15
YOR024W,28,18,1,4,2,2,22,10,15
YOR029W,22,13,2,0,0,0,17,22,13
YOR034C-A,42,37,10,8,2,5,28,35,35
YOR041C,8,23,0,1,0,2,16,29,28
YOR053W,27,43,0,1,2,0,28,44,20
YOR062C,29,34,2,2,0,2,37,28,25
YOR072W,4,7,0,0,3,0,19,10,6
YOR082C,9,10,1,0,0,0,4,2,3
YOR088W,18,17,0,2,4,1,20,18,26
YOR097C,18,21,0,7,0,0,13,15,28
YOR105W,6,6,0,0,1,0,12,4,20
YOR111W,8,13,3,0,5,10,1,3,5
YOR121C,9,8,0,1,0,0,15,4,6
YOR131C,7,14,0,0,0,0,19,11,9
YOR161C-C,0,0,0,0,0,0,0,0,2
YOR186W,0,0,0,0,0,0,2,0,0
YOR225W,2,8,4,6,0,10,6,6,11
YOR238W,12,21,2,1,0,1,21,32,20
YOR240W,16,16,0,1,0,0,15,17,10
YOR248W,2,2,0,0,2,0,8,6,5
YOR263C,6,4,0,0,0,0,8,11,14
YOR268C,9,22,0,2,0,0,12,14,15
YOR277C,1,2,0,0,0,1,7,8,8
YOR283W,1,0,0,0,0,0,8,8,0
YOR289W,15,18,1,4,0,3,7,23,21
YOR293C-A,87,97,96,52,56,66,36,48,36
YOR296W,12,13,0,0,2,0,9,21,10
YOR300W,44,37,54,23,2,6,34,24,40
YOR302W,77,85,10,5,12,9,140,165,152
YOR309C,2,14,0,0,1,2,5,1,4
YOR318C,0,0,0,0,0,2,2,0,0
YOR325W,10,18,4,0,0,2,20,14,12
YOR333C,2,0,0,0,2,0,6,3,2
YOR338W,3,11,0,0,0,0,0,11,6
YOR342C,12,27,4,5,0,4,8,12,14
YOR343C,23,26,1,0,0,0,15,27,26
YOR345C,39,27,0,0,0,0,34,57,37
YOR364W,53,73,20,27,24,45,53,57,79
YOR365C,14,24,2,2,0,0,18,24,22
YOR376W,0,3,0,0,0,0,2,5,5
YOR376W-A,110,119,542,396,698,400,170,181,186
YOR379C,2,0,0,0,0,0,2,3,8
YOS9,13,7,0,0,0,0,15,13,17
YOX1,2,2,0,0,0,0,0,0,0
YPC1,22,18,0,2,0,0,15,27,27
YPF1,10,12,0,2,1,2,21,14,26
YPK2,17,26,0,0,0,0,25,40,33
YPK3,2,10,1,0,1,0,10,15,27
YPL034W,70,84,1,2,5,11,54,56,77
YPL038W-A,191,359,35,53,46,105,228,268,234
YPL068C,0,0,0,0,0,0,1,0,0
YPL071C,3,3,0,4,0,0,10,4,0
YPL073C,0,1,0,0,0,0,0,0,0
YPL077C,5,7,3,5,7,25,1,3,2
YPL102C,8,7,0,1,0,2,2,6,3
YPL113C,24,32,0,6,3,1,60,55,58
YPL119C-A,97,116,6,10,5,15,122,119,127
YPL136W,14,21,0,2,0,5,28,15,20
YPL150W,7,6,35,2,27,22,2,2,0
YPL152W-A,307,383,4,9,20,14,385,432,431
YPL162C,6,3,8,8,8,10,2,0,1
YPL185W,38,30,2,2,1,0,25,24,21
YPL197C,32,30,2,47,5,16,16,23,5
YPL199C,6,6,0,0,0,0,3,13,8
YPL205C,5,12,0,0,0,0,28,15,19
YPL216W,14,19,0,0,4,0,54,50,43
YPL229W,1,4,0,4,2,7,0,0,0
YPL245W,21,21,0,1,2,0,15,28,23
YPL247C,26,12,2,2,0,0,3,12,15
YPL261C,26,19,0,0,0,0,16,10,14
YPL264C,16,13,0,2,0,6,20,13,23
YPQ1,36,23,15,23,16,34,19,26,25
YPQ2,6,8,1,0,0,0,8,2,1
YPR014C,4,7,0,0,0,1,18,13,7
YPR027C,7,15,0,0,2,1,8,7,19
YPR039W,8,18,6,4,14,34,2,4,2
YPR063C,21,15,1,3,1,0,21,9,25
YPR076W,4,7,0,0,0,0,11,10,4
YPR077C,25,26,1,1,1,0,31,52,58
YPR078C,7,6,1,3,0,0,12,7,10
YPR089W,11,16,0,0,0,0,5,12,11
YPR090W,3,8,2,0,0,4,0,0,0
YPR092W,7,4,0,1,4,0,4,10,5
YPR096C,10,9,2,1,59,12,5,12,4
YPR1,3,14,0,0,0,0,14,6,14
YPR108W-A,218,363,10,19,8,12,264,332,312
YPR159C-A,28,53,11,6,43,12,34,63,39
YPS3,0,0,0,0,0,1,0,0,0
YPS5,16,27,0,1,3,0,27,30,42
YPS6,27,29,1,3,0,5,18,31,28
YPS7,2,5,0,0,0,0,6,2,0
YPT11,18,23,1,7,1,2,33,32,43
YPT31,11,7,0,2,0,0,4,12,4
YPT35,8,8,0,38,2,8,4,0,4
YPT52,57,59,67,34,34,38,11,11,5
YPT7,0,0,1,3,0,2,0,0,2
YRB30,21,42,1,2,0,2,35,36,36
YRF1-6,26,39,0,7,2,0,41,28,32
YRM1,8,17,1,0,0,0,10,4,13
YRO2,9,13,1,0,1,0,8,4,9
YRR1,7,7,0,0,4,0,6,11,20
YSC83,4,3,2,1,0,2,6,0,0
YSC84,8,1,3,2,6,4,0,0,0
YSP2,19,31,10,16,10,11,74,58,68
YSP3,26,23,0,24,0,0,28,37,34
YSR3,4,9,6,2,4,13,0,0,2
YSW1,8,7,0,0,0,1,18,12,4
YSY6,18,6,8,4,5,4,19,31,33
YTA12,0,2,0,0,0,0,2,0,2
YTA6,29,42,0,1,0,0,28,40,57
YTA7,12,29,0,2,1,2,48,20,26
YUH1,14,18,0,1,0,0,7,18,23
YUR1,2,8,2,18,11,7,14,10,10
YVC1,19,38,0,2,0,1,24,31,43
ZDS2,11,13,0,0,1,2,16,9,12
ZEO1,24,14,1,0,4,6,4,6,15
ZIP1,4,6,0,0,0,0,10,2,11
ZIP2,11,18,0,2,0,2,10,22,19
ZNF1,25,26,2,19,5,5,12,14,9
ZNG1,13,20,0,1,2,0,13,17,14
ZRG17,10,5,0,0,0,0,6,9,14
ZRG8,10,11,0,0,2,0,9,12,14
ZRT2,8,19,0,0,0,0,29,21,21
ZRT3,8,9,0,0,0,0,18,12,20
ZTA1,4,10,0,2,1,0,13,9,10
ZUO1,0,2,0,2,0,0,7,2,2
